wine,ionosphere,lsun,atom,glass,target,chainlink,yeast,statlog,engytime
0.3711137182308475,0.177606854737686,0.4404923266113892,0.1885336032086663,0.2738854032996926,0.6356246742502359,0.0927278232756399,0.14613438387893488,0.37090618841891304,0.815060637690859
0.4096010320716763,0.1874430024552788,0.4098692206745163,0.1418351374207105,0.2248792021041273,0.6350271573919927,0.0878910108576388,0.14388939308275447,0.39973696666385394,0.8159427651466592
0.3918409870518495,0.1448680351906158,0.4101966611728032,0.2086072751567993,0.2496586140670824,0.635087981247443,0.0989540665498346,0.1333794993366484,0.4039923274547533,0.8194760263255764
0.4372569371345899,0.1404156117614619,0.3784779130112213,0.2132060193589844,0.2678435872513827,0.3832581773646351,0.1027858913715996,0.1349100834337799,0.2508455392794161,0.8212455231797725
0.2956216129205344,0.1194671185896793,0.3776898972130231,0.2178549196440372,0.2943524611113573,0.635999763264214,0.0774769228549407,0.14054296567035626,0.32479638595851634,0.8001374967210773
0.2980668361137901,0.257874143951425,0.3414828039845997,0.1343035125481174,0.3272370423435,0.6572081437195798,0.0741496714544679,0.1583637452478534,0.37819921684249785,0.8265654564610208
0.431576632642162,0.1005092629721709,0.5834103722114452,0.2321025582509516,0.2855712431868171,0.639396678190126,0.0708945001650981,0.13969871348284174,0.39375537375027825,0.7922927943706162
0.5774216280342688,0.2940940740369684,0.6167884246975591,0.2468016053285019,0.24866954493761,0.640887014850046,0.1174525832873333,0.12391113369685018,0.4075458108256877,0.8319025724961864
0.4507183997326924,0.0674932371505861,0.3354575695592426,0.2518016009148039,0.2765773158333036,0.3876628120093709,0.1272907001581294,0.10786933903049865,0.3968038349793429,0.8354701753452513
0.4538308215637635,0.0616562896027329,0.3397693351248032,0.1114493252870935,0.2276620505663981,0.6446123361875853,0.1258610420289512,0.12643428733332177,0.4114361169990191,0.8381508859171287
0.7473111811554101,0.3391133133263526,0.3236537060020931,0.2619520619740244,0.3912884007045131,0.6457066115029556,0.0625681671499759,0.13972447488771159,0.34009589759879527,0.8417318411123424
0.3711137182308475,0.177606854737686,0.4404923266113892,0.1820680777563782,0.2701945438613878,0.6353059134355015,0.0927278232756399,0.13809765485892292,0.3709692678176106,0.815060637690859
0.3883714119661485,0.1542157687991021,0.4519074561990524,0.1437336608222249,0.2334836111421448,0.3844151628469848,0.0902934155805982,0.14198139860184592,0.30383387801157163,0.8159427651466592
0.4083023683800539,0.1407343927753472,0.4687817327480029,0.1418351374207105,0.2856066169221011,0.6359764620003977,0.0855206968416135,0.13199387938090096,0.40298915531627316,0.8168253695550046
0.3288036462814047,0.1320474777448071,0.4945279471975194,0.1343726928795281,0.2742220635046601,0.6355136634460387,0.0964407084297012,0.15674812935364513,0.39900468916009274,0.8185920000157936
0.3256184324139289,0.2404141546264138,0.5181253745083514,0.2369520840277939,0.2425184077201294,0.3841211500929975,0.0797348136272545,0.13835888202482,0.3033366111399816,0.8212455231797725
0.3234015259854468,0.2576733231439954,0.8148318283747623,0.1218098678548511,0.2096130429277024,0.3855514462482798,0.1002246245246915,0.11996291010322703,0.4030577642845497,0.8239033521025673
0.5565531882827742,0.103531477301229,0.5545462772971013,0.1200547235401164,0.3109826425547329,0.63776759236284,0.1040806187084269,0.14661541346350745,0.28066667662429684,0.8274537969009108
0.5938207607141173,0.0922070166458405,0.8853481672686354,0.1115133210581692,0.2682218280099904,0.6604938022968602,0.0698253448943217,0.14485783174566827,0.32854771014747236,0.7793042609053151
0.6227299936428422,0.3064017438801333,0.6021237800044664,0.2492860230900452,0.3346275879626668,0.6357002268911857,0.114716609467648,0.1435989921179594,0.4007139014702695,0.8319025809541684
0.3704074586402058,0.0684961768057877,0.6941513763105449,0.1049080302119344,0.26922470889176,0.6358854259213181,0.1230293117179136,0.12431446463157451,0.4014362939584933,0.8336854281454108
0.7153634857027269,0.0624262597964644,0.3172352841133711,0.3185334906018056,0.311901488558107,0.3890465951231802,0.1258641391674338,0.13170909269556116,0.32706582347966945,0.8372568586360675
0.3711137182308475,0.177606854737686,0.4358084271876845,0.1820680777563782,0.2701945438613878,0.6350271573919927,0.0927278232756399,0.14568886949520796,0.3711592275754109,0.815060637690859
0.3530288128656097,0.163399871733205,0.4139062460079454,0.1885222186010218,0.2649911710267847,0.6350672514690148,0.0902934155805982,0.1464462894637155,0.2864921029111479,0.8168253604237371
0.4418779788324422,0.1448680351906158,0.7474104492553063,0.2040586868837591,0.2590548917792662,0.6347211439267775,0.0831824445854116,0.16486671094732322,0.4134743269870056,0.8185919826055178
0.4159064679525668,0.1276147690579812,0.8155021852154472,0.1756691414515698,0.3061438231179157,0.6342509473469772,0.1027859201399868,0.1466383187030524,0.4044236223013068,0.8203605215566854
0.3114608915110983,0.1078284410798887,0.3790243657241655,0.1778204207748044,0.3001685500105694,0.6346188594221479,0.1066899244856221,0.11902801570715454,0.33152460554077867,0.8212455065238407
0.4788550064551134,0.1001394028743067,0.3235809729069323,0.1325108414502314,0.3206878406957444,0.384278339835359,0.1120071324728315,0.12444118037286962,0.28056164680572254,0.7896865310922795
0.4287935579103105,0.2935809710003258,0.3588521911099476,0.1885336032086663,0.3415209429867436,0.386268066808725,0.0763597347289037,0.14475481601117252,0.4087734674826976,0.8274537841193319
0.6301986010153445,0.0890544268873839,0.8509873241777335,0.2568517531352802,0.2594085062564651,0.6358066941627575,0.1258610420289512,0.15020172557174485,0.40436813423625545,0.8283425929283493
0.4975596598971419,0.0819631002975458,0.3582404032644949,0.2132060193589844,0.3467158762698604,0.63673812524756,0.1287278557114228,0.15711633696832375,0.41245491759820035,0.8310118600977557
0.7096415641860269,0.0751104195944589,0.3767854664483823,0.2225488631195964,0.2405194855751479,0.6375792414482412,0.0605638642240989,0.13745304730589028,0.3587321605545668,0.8345775591416699
0.74501000907883,0.0684961768057877,0.3905127738004333,0.27755392775804,0.2560854517899915,0.3916916274137813,0.0576211343801312,0.1406945424058325,0.27483296274321534,0.7741388306162192
0.3711137182308475,0.177606854737686,0.4404923266113892,0.1951119774160015,0.2701945438613878,0.6355486669217713,0.0927278232756399,0.14697933394380636,0.3709612969173789,0.815060637690859
0.4178272791003001,0.1496617728115448,0.4519074561990524,0.1863601309396239,0.2761886682344154,0.6352243593611551,0.1040798861737166,0.14891875153408568,0.3857432625555156,0.82036053411048
0.3442527296203037,0.1407343927753472,0.3989812321579641,0.1236051580090888,0.22972350960751,0.6344789852491474,0.1066912277495346,0.146939660008946,0.4027542695175972,0.8080208067999846
0.5128761374914254,0.1277940697295536,0.3824708490692632,0.1863431609935431,0.2864093571612142,0.634236670583885,0.1160817770596574,0.1506783672418218,0.3182182062964208,0.8045123382340447
0.3363663160818708,0.2293931953700456,0.3686512532473344,0.1863431609935431,0.216269266427541,0.6364580116169334,0.0878949590476537,0.1484911532841156,0.3243706637858706,0.7983908991093789
0.5703080418807567,0.2404141546264138,0.533738945164779,0.1929066472123236,0.2389046585406578,0.6346798352356731,0.0808815590346641,0.15309586353653898,0.3802105445404144,0.8274537882994711
0.3430184599830033,0.2404141546264138,0.3549473694470685,0.1714960668931467,0.226354853091597,0.387525985964068,0.0786067350195581,0.1403028202086212,0.35779631832351444,0.791423565749683
0.6195612702817767,0.2635917222027358,0.8853481672686354,0.2155241999822807,0.3063606940511088,0.3881433264224866,0.0763639697560603,0.1371763568682621,0.3272980179425454,0.8301216246505515
0.6552163215019351,0.2813975401208889,0.3292962209141076,0.1494345534687837,0.3059044244611734,0.3889551852731376,0.131627885180622,0.1414673052515593,0.32837520449262364,0.831902564351462
0.6984922249963248,0.0522692414070553,0.6198628544262261,0.1417903659483289,0.2708802119713553,0.3866537733968227,0.070896883434242,0.1395022982452684,0.32711925269617387,0.8345775591416699
0.4695586648900191,0.0440311044493848,0.7220996101258823,0.143676465559323,0.2680870704236169,0.6998651888079469,0.0605648431943519,0.13912411663678187,0.32339568768526045,0.837256850447491
0.3711137182308475,0.177606854737686,0.4358084271876845,0.1820680777563782,0.2701945438613878,0.6352183593544026,0.0927278232756399,0.14471572494994578,0.3548121585282385,0.815060637690859
0.3862716017974801,0.158716239915819,0.4500591449214198,0.1533877084054383,0.2704197797808576,0.6349866082814554,0.0976928799906933,0.15351749963484293,0.403014262188921,0.8159427605590265
0.363866976051554,0.1975397103773112,0.4018713236732971,0.1715369297955097,0.2626363099140784,0.3831659601540718,0.0741502948720031,0.13363032654209464,0.31732893578354787,0.8185919826055178
0.3454691998167265,0.2237347259951283,0.3935266141031758,0.1799320990739484,0.1401210464397306,0.3837029453229165,0.1002241340664121,0.1287340082709576,0.36281363167352304,0.8212455188908704
0.3510862857215054,0.1151849529780564,0.4738821554949136,0.2040586868837591,0.1984416644233913,0.6381077941242537,0.0708957662783531,0.13175631098753518,0.40034959410156207,0.8221309765230985
0.3488240903511745,0.2516841767583607,0.3824582072834037,0.293603174079057,0.2681019047047831,0.636937590753764,0.0656314234657005,0.14239718661196235,0.278923123548986,0.82567760575515
0.3448142659020028,0.2574128380579993,0.3492922164140719,0.3157063316976412,0.2424088307298167,0.6378067876223357,0.0635806267168275,0.1466483548829407,0.4079356742218633,0.8283425846111355
0.5893507792369875,0.2813975401208889,0.862469868311889,0.3328133079393119,0.3101947501922189,0.3862384728585453,0.1147162262598438,0.14114484043878436,0.38753149208051657,0.8292318745085868
0.6747193054692991,0.2875828785350232,0.3906065949252992,0.0924220967940248,0.2755355427839717,0.3876451971903951,0.0585941946390219,0.13885067969325787,0.34275965989207724,0.832793757716843
0.3609930882608461,0.0563094508673423,0.3920699846115195,0.2801897391618964,0.2427317325967359,0.3882685206545569,0.1216245753540578,0.1449977969361408,0.40053392882613875,0.834577563149227
0.3708491883209559,0.0420591754049081,0.9074722982098412,0.1307398965826439,0.3193549157768179,0.3888783104825331,0.0519523737282287,0.13507179832627322,0.3572371767955117,0.8390454214543277
0.3711137182308475,0.177606854737686,0.4404923266113892,0.1820680777563782,0.2738854032996926,0.6352183593544026,0.0927278232756399,0.14788998314024204,0.3703451042628038,0.815060637690859
0.3862716017974801,0.1584379260566204,0.4106028869359319,0.1494911246494589,0.2776841667736804,0.657365014384138,0.0902933864116497,0.133704050013088,0.40406203286075915,0.8168253604237371
0.3734863998105707,0.1492141478454866,0.4051719308482293,0.1553548073391525,0.2692658644385947,0.6366801696711201,0.1015006012024048,0.1317977829207796,0.3258149523361972,0.8203605256575919
0.3629826154582076,0.1358281636317133,0.3783511454351613,0.163348584608188,0.2902097337631286,0.6361091545803511,0.1027859201399868,0.14260561002258726,0.4002264690003699,0.8010115215019318
0.4973491472985136,0.1234116596965229,0.333249215015675,0.1694755694836721,0.2083741351329638,0.6372228591564361,0.1093324551610027,0.13469636279193467,0.40778185009488893,0.7949034393536741
0.5534880066638835,0.2351600460852577,0.3579665446301933,0.2178549196440372,0.2164890925012696,0.6406445718856807,0.1093324979987175,0.14471361048436038,0.3250311542505259,0.79055482743603
0.570468778894146,0.1037517740811137,0.5914440445161109,0.1842107142092148,0.2708653202931555,0.6378044126391739,0.0708951704607806,0.13457491859465226,0.3363919034088793,0.7862181463712897
0.6208289620577265,0.252313794623182,0.9010743955042568,0.2369520840277939,0.2807073706349021,0.6344183234406158,0.1160792262736952,0.13715976902916668,0.40870826931579435,0.7775805669039035
0.3425344426151362,0.0785069428762125,0.915569866343134,0.2443204162729824,0.2722076059662,0.3884564695322443,0.1230262045353937,0.1388207487393012,0.4006582646136735,0.8345775552111808
0.701877638888935,0.2880681106798547,0.5683155855232508,0.2040586868837591,0.22462868820708,0.3910568280495314,0.1287280792040197,0.14322311992778686,0.40981159140577694,0.8390454175925031
0.4142726704890319,0.0599139856174317,0.3712558172204681,0.2619520619740244,0.2727047854863354,0.3931862597153767,0.0605685030189181,0.1277552746088534,0.32093984733783926,0.839940418645458
0.3711137182308475,0.177606854737686,0.4404923266113892,0.1951119774160015,0.2738854032996926,0.6355633954868499,0.0927278232756399,0.13512647903140546,0.35915364086045004,0.815060637690859
0.3751706651014748,0.1824309087720177,0.418374228526888,0.1494911246494589,0.2489400612965362,0.6348880476675015,0.0964395495560793,0.1256226812575503,0.413586843919808,0.8168253649467015
0.4828363729838792,0.1972742401154864,0.4637356107109598,0.1778028096237687,0.1931706562210053,0.6351713551065926,0.0976930825124662,0.13515345021048275,0.28207360427013567,0.8185920000157936
0.37119928221988,0.1111612741409581,0.7137499574080789,0.1735992131879101,0.2693408905744301,0.6348880476675015,0.0831822976006385,0.14993881648359278,0.28847204746530136,0.8194760307410384
0.5045871621832159,0.1032930751591845,0.8706815557879181,0.2155241999822807,0.2898229061608702,0.3839555618625524,0.1066903111687182,0.13572005428946568,0.4016715813126106,0.8230169236008882
0.4396027392543154,0.0926896551724137,0.3502960175151314,0.1799379799566126,0.203516596714828,0.6350343707621094,0.076359468187434,0.13286736638067062,0.3255182808568441,0.7940326909790032
0.4929008406358414,0.085928332882029,0.8505586111370883,0.2273031889834117,0.2330443690562051,0.3859426402390843,0.1160804733264494,0.13121498706017973,0.41285938977834613,0.8274537760002146
0.4828173003015228,0.2927123067657097,0.6294578281920877,0.2273031889834117,0.2239887707788747,0.6350267022073296,0.0687638465929643,0.14936458582502518,0.3559363915902412,0.8310118404153468
0.7021592387309271,0.0699250570218312,0.3186627573437239,0.2018032011674772,0.2546503757936039,0.3852047041194381,0.121622294046366,0.13599783565432477,0.35174755318016787,0.8327937345807
0.2297449869877745,0.0611860338079272,0.3040119611263394,0.2063267115394799,0.272899047981351,0.3878693361483688,0.0635787351123512,0.1341815539695375,0.4089918299556906,0.835470149858274
0.4963482020948995,0.0556646790599789,0.9399886645009956,0.2155189670703633,0.3672695954680249,0.3880368619092336,0.1287292525382724,0.13634592079768626,0.3406153255285431,0.8390453893974286
0.3711137182308475,0.177606854737686,0.4404923266113892,0.1885336032086663,0.2662296703605246,0.6352183593544026,0.0927278232756399,0.1520739844535785,0.3372158677919665,0.815060637690859
0.3800227594941003,0.1824309087720177,0.4174943716915107,0.2018032011674772,0.2800129695329934,0.3840153626578513,0.0951944662744334,0.12632394880979692,0.3806731897719749,0.8168253604237371
0.4176668680065097,0.1974150416710517,0.4033056915209504,0.2225539761468355,0.2762516955217553,0.6355689417221729,0.0786025102782973,0.1384444467890087,0.4025485416574688,0.8062655955944408
0.3134280190059541,0.207634934637902,0.8276716006036617,0.1613250824830984,0.2472885818534436,0.6380514715666952,0.1027863228972141,0.1436539207206657,0.39926028684867726,0.8203605384624618
0.4788964820197428,0.0924575063715358,0.3739882432095729,0.2418517663734298,0.2893003513023733,0.6345904594294477,0.0741502948720031,0.13652437332299688,0.356529428925531,0.8247902361242716
0.451480260008865,0.0852265028679824,0.3621686926707165,0.2568382071222272,0.3126749786082511,0.6344403309119888,0.0719726824049982,0.13088427859343396,0.34281348699257863,0.8265654564610208
0.2889765481867071,0.0717735053461171,0.331634841764527,0.1201025558529578,0.2237516104337422,0.6345495277191834,0.0698262396502103,0.1274991711265486,0.4110421803234957,0.8292318620973976
0.2701912844790552,0.2807775269626285,0.3137148796385783,0.1149531348647467,0.3531872645557292,0.3859083462568726,0.1230262045353937,0.14100974451084514,0.26845552080070395,0.8319025565199957
0.6445761227543346,0.2990781305672232,0.3395273459190744,0.2854774117387713,0.2762547093201535,0.6351571648873539,0.1230263732517519,0.12363544502061646,0.37715205990895667,0.8354701639623465
0.6850069664434862,0.3245820992922042,0.3276748672424494,0.2107040404218543,0.1969295031824267,0.396897745214168,0.1301733339817234,0.12635514755793262,0.319648083667677,0.8390453959962766
0.4583260411393703,0.3376199490828383,0.7309477824380514,0.1115756663325989,0.2762340693046596,0.3716418211566185,0.0635813773514064,0.14275517160959741,0.3104809239127311,0.8408358757803936
0.3711137182308475,0.177606854737686,0.4404923266113892,0.1885336032086663,0.2470799821952907,0.6356246742502359,0.0927278232756399,0.1519766413342976,0.369651152234981,0.815060637690859
0.410640776899286,0.158716239915819,0.4358084271876845,0.1553548073391525,0.2877434856187171,0.6350271573919927,0.1027864955073437,0.13563439182033374,0.40470127379566284,0.8150606286439415
0.4475732223939246,0.2078969785037831,0.3917074654116194,0.1735992131879101,0.2090152246375994,0.635608582484508,0.1002233551021635,0.14281559809341557,0.4048624662196338,0.8203605175394707
0.3465861397853805,0.1318777730428897,0.4900852448428996,0.1995602543672967,0.2735918150807002,0.3838850498210072,0.0808759890665975,0.13861140319962162,0.2687308629047137,0.8221309645902305
0.312783299874405,0.1234116596965229,0.5152715568690556,0.1673731448918173,0.250474235483045,0.6351868431324456,0.0786017716831892,0.1354215348330799,0.4034426731639497,0.8256775826089295
0.5114069774063935,0.1071973269651421,0.5448620055879059,0.2109003777566994,0.2484417376759611,0.6351453840349811,0.076359527418885,0.1384653973387457,0.3257542549998259,0.8310118161666128
0.6184030954832573,0.263691338046163,0.6265096618153909,0.1183056300879278,0.2299788754378488,0.6584494179755409,0.0730563660296295,0.1420199441107426,0.3573783235734902,0.7983908143399141
0.6361420494376876,0.2756103548650531,0.3732929627903872,0.1973298464587024,0.3367344087292835,0.6360311841042459,0.0656287270915489,0.14158471889852145,0.41338750479669545,0.8354701310017382
0.4772197105193773,0.0748271655144367,0.3540286664850828,0.2063267115394799,0.3319736524424821,0.6369580829545557,0.1216208294969108,0.12637801411594507,0.376478657267147,0.7879512425634563
0.6992486627383386,0.0717735053461171,0.3447154370011479,0.1398800920233765,0.1849466374014079,0.3810989250799398,0.1272905882274997,0.14476707590116963,0.3581829267992164,0.8408358694032573
0.7463234867532818,0.0684961768057877,0.3219482143697494,0.274922269001324,0.3170497867470329,0.3894586449875472,0.1301734734328649,0.13792063936960436,0.2771394653665105,0.8435251792254688
0.3711137182308475,0.177606854737686,0.4358084271876845,0.1820680777563782,0.2625278844210829,0.6355486669217713,0.0927278232756399,0.14165504347116203,0.37121492783531346,0.815060637690859
0.3831469269790244,0.1825497033830367,0.4135657662624967,0.1653783745463667,0.2168835074160431,0.6350055171916792,0.09769279319562,0.13041872143192504,0.38798124751246293,0.8177084372847001
0.4587850208127815,0.2029254120122226,0.3991251864018565,0.1820507111543312,0.2434802339860563,0.6356007637561468,0.1040791967281892,0.13853023960634991,0.40333915876023024,0.8010115323485831
0.4959387982251082,0.2134767865282223,0.4234748513439143,0.2201981783605244,0.2266337032862127,0.3842242929897745,0.1133566430682344,0.1428337572568786,0.31815701020490117,0.8194760307410384
0.3353688467781184,0.1074257053291536,0.5011961401980783,0.2132060193589844,0.2464105400206371,0.636994406659946,0.110665779115568,0.1241666152273467,0.3284851409540786,0.8212455231797725
0.3288277614019509,0.2520328461850629,0.4021415032193758,0.2155241999822807,0.2688675163480291,0.385851143869809,0.0677110802220541,0.14747675988169887,0.2829937443518586,0.8239033393041084
0.3243666546521613,0.2635917222027358,0.3622082160956107,0.1907138558196204,0.2907018109114967,0.3871122463004642,0.114713841848275,0.13146126231301045,0.28411209563244505,0.8256776141202737
0.3325248966145673,0.0748271655144367,0.3877578073293324,0.2018032011674772,0.2635518067857602,0.6377078401414101,0.066666105544647,0.14265743965171784,0.3636819902745724,0.8292318745085868
0.3454174609180972,0.0559823155567836,0.3666017415867917,0.2178497267568535,0.3215703984888571,0.6495572249784038,0.0615606550940044,0.1485550452516011,0.3894748691400927,0.8310118600977557
0.3613516587831642,0.0424201920516157,0.6756249083394339,0.2249172398224962,0.2868224322025919,0.6403766058436161,0.0576206811317808,0.13603592413809298,0.2880157506721362,0.8336854199321023
0.7956499235292516,0.3189964157706093,0.976103462797082,0.2518016009148039,0.2571109277955435,0.3913452962769207,0.1345581908762345,0.140043190172239,0.3161121962094706,0.8372568464669327
0.3711137182308475,0.177606854737686,0.4358084271876845,0.1820680777563782,0.2738854032996926,0.6350271573919927,0.0927278232756399,0.13924197074975786,0.369651152234981,0.815060637690859
0.3259450653446152,0.1824309087720177,0.4251355246769351,0.1475550999339781,0.2907896658554926,0.6348880476675015,0.097692822127313,0.10781450156519784,0.28512863669341704,0.815060637690859
0.4259353956263779,0.19226451218412,0.404546955661641,0.2201981783605244,0.2863795671695036,0.6572623545161148,0.0843474308617234,0.13327350412683264,0.32668190410217934,0.8177084286220907
0.4506344700559225,0.2182562755633972,0.389663907862892,0.2296966040579733,0.1742746623515529,0.6347222069258941,0.0831822682036782,0.13642151959635515,0.2688651298085663,0.818591978464238
0.304381157407515,0.2346041055718475,0.3809165066882992,0.1418351374207105,0.2642420989257704,0.6363246600532039,0.0786017125955294,0.15002582241899054,0.37978328184069854,0.8221309645902305
0.4860957996917754,0.2515378637856265,0.5290148814397724,0.1494717890189493,0.2268522447954637,0.6350023306763333,0.1120074741453009,0.1462251265447368,0.41341545032494337,0.8239033233880738
0.4092968337446039,0.0969416906406311,0.5410878937506763,0.2801981256065833,0.2385762617577402,0.6348815930384,0.121622941826298,0.13661980873626756,0.4074302827193979,0.829231850402237
0.4433211130742521,0.0899902282578737,0.5678673074145791,0.118373545358172,0.2392808429095352,0.6371945911455096,0.0677112296871391,0.13974942590707407,0.28830551286550604,0.8319025527217342
0.2907141543541682,0.0734479130129779,0.8550629892162012,0.132556666938883,0.2683676796553798,0.6590104293685336,0.0635794857499627,0.13762503931785797,0.3226836846561832,0.8336854044352915
0.4425184265064149,0.325141065830721,0.8403872823239191,0.118373545358172,0.2902475667769922,0.3866719863213159,0.0566572237960339,0.12753687029793814,0.3815382611679056,0.8381508715904354
0.6952111355771254,0.0475808674300318,0.3851625877541557,0.1115828712241952,0.2969290695240214,0.6409204248384094,0.0528774462886632,0.15176552556206202,0.36253550631825654,0.8417318311580735
0.3711137182308475,0.177606854737686,0.4358084271876845,0.1885336032086663,0.2738854032996926,0.6355486669217713,0.0939570501002004,0.13953287219418492,0.3722970286292141,0.815060637690859
0.3755429094116352,0.1977407073439535,0.4510507242723934,0.1863431609935431,0.2621529711170689,0.6354381101871709,0.0867018022172055,0.11720304214837153,0.3039853444266142,0.8159427651466592
0.4254767794450529,0.2081707482005019,0.3597046844033502,0.1494911246494589,0.1986483645516333,0.3838707639529831,0.101500658821601,0.1503099570050662,0.38187572096900074,0.8185919955364511
0.4537233430752077,0.1201949811882229,0.5019403102981455,0.1735819770895739,0.2393691937821115,0.6362097233991516,0.1040791967281892,0.14625595608391598,0.410654122500157,0.823016919436942
0.47891853267315,0.1085211902614968,0.5169393733952893,0.1674207028237432,0.2149717167288216,0.6578361188430517,0.1080071178035786,0.12823336648561393,0.33072901891740986,0.823016919436942
0.4976196620062506,0.2697390171817863,0.5313051009112318,0.2492953335421233,0.1934393241010773,0.6350968632588142,0.0774766862157887,0.13584594654791443,0.34374677999706926,0.8247902361242716
0.5445439855123966,0.0904095728961617,0.3651600854308759,0.2492953335421233,0.2665848502220778,0.6390655261242586,0.0741495230215977,0.13983039043321147,0.4024529724712983,0.8292318620973976
0.5586203573343608,0.0770975965222443,0.3495957209584805,0.2619520619740244,0.265186147159507,0.6400317816384461,0.1188339554355352,0.14204867650051284,0.33083130936268934,0.8301216288056312
0.3616557322176321,0.3064017438801333,0.6207014563807477,0.1513086936095391,0.3011958687246505,0.6421013910047759,0.1230262045353937,0.14060467563528548,0.3117457462280116,0.8345775591416699
0.6492149119490652,0.050709939148073,0.7001162339397597,0.274922269001324,0.2780028803090006,0.6428322067644267,0.1244396508577504,0.13170914200053735,0.41760769079899934,0.8363632763949077
0.3822936465830831,0.0431353105562066,0.3788199751809349,0.143601507550798,0.2250895818589045,0.6643067254435611,0.1301734734328649,0.14212781775104133,0.31734858236886115,0.7681342690482857
0.3711137182308475,0.177606854737686,0.4404923266113892,0.1820680777563782,0.2738854032996926,0.6352183593544026,0.0927278232756399,0.13643185282627382,0.35468825481740174,0.815060637690859
0.3510765568678828,0.1540928566059482,0.4078216316543684,0.1553548073391525,0.2130934118646284,0.3843547172608449,0.0890882347678887,0.1398457142235714,0.2453504587288343,0.8177084462870188
0.391795293953507,0.1320474777448071,0.4746588305364977,0.1343793067208183,0.2669042216744645,0.6346651037441843,0.0843474455415239,0.14661366015436714,0.4036471430969722,0.8203605384624618
0.3050970926534907,0.2235907461713913,0.3854252988325544,0.1653783745463667,0.2144888155198771,0.6348099120571546,0.1093326693495357,0.13565283227621727,0.3380861714055986,0.8212455275519541
0.4160214393739271,0.2512,0.8432001700625554,0.1235708541625853,0.1851811390972343,0.6367906038653036,0.1147139553919743,0.12547762708686414,0.3722899381703991,0.823016932176143
0.4059200816997173,0.1119275067411112,0.3674133731238845,0.2393956556265307,0.3027449196323139,0.6379918378605018,0.0730561431173363,0.15260236937284943,0.28207483449514986,0.8274537841193319
0.6138215717315577,0.2807775269626285,0.3572647802278049,0.2518016009148039,0.3009913245274867,0.3860529786704035,0.1216208294969108,0.125321424612143,0.3111853260858915,0.831011848052122
0.4634201839115356,0.3117996276390206,0.915569866343134,0.2018032011674772,0.2130728695305866,0.5136948798170694,0.1244395947095937,0.1561076297791572,0.2856821006894634,0.8336854044352915
0.6884654458590237,0.0866062033371749,0.3338302747315946,0.1532970321659434,0.2078741568715456,0.6404705700391756,0.0656287270915489,0.1122245901134395,0.33852663132335514,0.8354701603213498
0.7025941179011778,0.3442349608766837,0.6526838392405191,0.2132060193589844,0.3014905239635106,0.6605655983384482,0.0556988481263679,0.1414905306523157,0.38209659584725003,0.8381508715904354
0.480336082578188,0.3442349608766837,0.932434505844468,0.2225539761468355,0.2681487275104536,0.6431338664217296,0.051951188193955,0.14094854409353882,0.36395577306962706,0.8417318377205176
0.3711137182308475,0.177606854737686,0.4358084271876845,0.1820680777563782,0.2738854032996926,0.6359231526486708,0.0939570501002004,0.14075493513878282,0.337820613305397,0.815060637690859
0.3058143275960487,0.1874430024552788,0.4299522783760719,0.2018032011674772,0.2944201794356952,0.6350336121361557,0.0867018022172055,0.14074936231061613,0.3261504465142872,0.8124171216301076
0.3841669967768562,0.1452922077922078,0.4071875846610447,0.1475550999339781,0.2005866820973171,0.6354141084945746,0.0867017875751503,0.13098449453420996,0.3654909719685071,0.8185919868313132
0.4404327520091641,0.2187105500450856,0.4932753811296618,0.1456315836514486,0.2443057348291846,0.3851392048689652,0.1080071178035786,0.1239658221951702,0.34206464644583606,0.82301691535545
0.4878411229794862,0.2462522045855379,0.5170172793213433,0.2345112703800392,0.1871178936955142,0.3851940245504255,0.1120071751819046,0.13501446398093764,0.4035260251646364,0.8274537644244423
0.5040910679728796,0.2519316530540662,0.3677038860226251,0.2619520619740244,0.1966373769235382,0.6363397947243361,0.0797350496872016,0.13381343378873437,0.32691682599757027,0.829231835922512
0.4114628922285216,0.2693437315183288,0.8271984976549879,0.1307467013398252,0.2487956213784586,0.6579488032952137,0.0730566632458536,0.1325750735465839,0.28754538030654453,0.8336853901782231
0.5731472396699362,0.0819631002975458,0.4116728945512545,0.1307467013398252,0.3385620016419768,0.3839013999205203,0.0719718789832754,0.1341051606687584,0.3291531296866701,0.834577520145045
0.4312144973321682,0.2874578955810409,0.3151893022683457,0.1183806399677411,0.3017961496540166,0.6395021007355451,0.0687647871591763,0.13999167355426914,0.3193559222555778,0.7905547334683108
0.6776650158812464,0.0539581346317955,0.2959315246901181,0.0954914094890379,0.3602425288721702,0.3585071523687646,0.0666666891115334,0.13972759421661332,0.32966222184678595,0.8408358663259181
0.7219733153637921,0.3187027016183631,0.267784982051622,0.1115901316338042,0.3406057508256588,0.3778078325200423,0.0677135015505305,0.1398514420464261,0.40077180979597715,0.7853521127675936
0.3711137182308475,0.177606854737686,0.4358084271876845,0.1951119774160015,0.2470799821952907,0.6357711409365294,0.0927278232756399,0.14280468978716343,0.33852172107764156,0.815060637690859
0.3715605260986139,0.1926165653853283,0.4389454477079158,0.1907025524485891,0.2605266080726446,0.6350271573919927,0.09769279319562,0.13240911256247823,0.31510317153619155,0.8062656386477998
0.3254414713403379,0.1368281320442819,0.4006282417656117,0.1885110369789991,0.2729151185191145,0.6346673819498443,0.0843474455415239,0.12414276299076475,0.277898315400904,0.8203605298421901
0.5195327219995401,0.1282267115600449,0.393603600878047,0.1841878235380698,0.2694940089629981,0.3838707639529831,0.1040792398185657,0.13410112659549075,0.4117788083638359,0.8212455146852476
0.478293191521227,0.1160495064388435,0.3877704414414731,0.1820393891671065,0.2088770832848134,0.6362304520084265,0.1053805746111648,0.13501469984020004,0.32451431350900756,0.8212455188908704
0.4932547837835803,0.2455528864237032,0.3816375788328633,0.1082482343712978,0.2389594212132359,0.6375676832703603,0.1120072463636839,0.13774442463493972,0.38837302099836357,0.8221309848926787
0.4778992012170241,0.2512,0.5054293601108633,0.1572912197739369,0.2272337096482515,0.6584588202211089,0.1174525832873333,0.1289620079650176,0.26559284967573876,0.7818933573894455
0.4721122253746024,0.2626828680941582,0.3573943409359111,0.2249223130168856,0.2394055494185596,0.6622070521919992,0.1188339554355352,0.13548806332806113,0.41251263143488465,0.8247902446136053
0.4803446431051588,0.2869968652037618,0.8925484422001339,0.0954388722345596,0.2712639472514773,0.6403921285817827,0.1244395947095937,0.14678187341246693,0.30638793402282455,0.8274537882994711
0.7434315457674603,0.0645444071532334,0.6732974482749468,0.1417841846457784,0.2359003466035109,0.641424467202881,0.1258609859719439,0.13926006758999868,0.4038319409383717,0.8310118685218254
0.4965924950886864,0.3312738405942582,0.7043792649438272,0.0834375283762669,0.2844159204712964,0.6434391195334541,0.1287279115845828,0.12825328144765802,0.3990298295543309,0.8363632887452138
0.3711137182308475,0.177606854737686,0.4404923266113892,0.1885336032086663,0.2738854032996926,0.6361649865982056,0.0939570501002004,0.1365739574073074,0.33869452602366024,0.815060637690859
0.4066805876399932,0.1972742401154864,0.4063108830165335,0.1533877084054383,0.2489327136608937,0.3838961221571353,0.09769279319562,0.14052105156702935,0.3841269979608002,0.8168253649467015
0.3524810730823708,0.1365037207787326,0.4078827708000857,0.1533877084054383,0.2115103974083392,0.3840574473377531,0.0843474308617234,0.13014669941961218,0.3548497573588743,0.8177084417433959
0.3520904766705951,0.2182562755633972,0.3946591282645831,0.1149319342297045,0.2614368561095654,0.3834130038160826,0.0808759890665975,0.13658263515812696,0.40488366204780274,0.82036053411048
0.4682648941728839,0.1078284410798887,0.3828168548046687,0.1673789074085782,0.2382824239738544,0.3836476077940661,0.0719713433680207,0.13455180019458585,0.3775581482580139,0.8221309806664552
0.3506851272769745,0.2572601833096007,0.3714656748019166,0.163306218258088,0.2956031194268209,0.6376381493744775,0.1133565009210079,0.13793688024365264,0.36003134532431313,0.8256775977148846
0.3572543316479047,0.2572601833096007,0.3306863138247367,0.1553052915642862,0.2997896906880525,0.3870774398271626,0.0677110802220541,0.13628034641576725,0.4143987300411531,0.8247902201251406
0.5330683063915623,0.2751309753590855,0.5448557072037163,0.1436826064389049,0.2775610653046471,0.3866449625912285,0.062565867718575,0.14086726713892464,0.3178178197645934,0.8274537607266258
0.5894034511578345,0.0596355604638321,0.6016940356154659,0.0969853816224937,0.289159332567797,0.3902718322745163,0.1272904203315013,0.13483931084126002,0.4017237332091089,0.8319025349051445
0.657616947867877,0.3188564208499629,0.6998447520072391,0.0938903402014413,0.2269965165176366,0.6413429183972953,0.1360351738034662,0.12707880942723557,0.32766942721507347,0.8363632369806467
0.4177470202847511,0.045782938964449,0.602036256765066,0.3444687267084507,0.2849508094248405,0.6635432712862419,0.0566559534028816,0.13839253299293558,0.364314766663992,0.7827572629032551
0.3711137182308475,0.177606854737686,0.4358084271876845,0.1820680777563782,0.2625278844210829,0.6355486669217713,0.0927278232756399,0.15005635851015295,0.3716259573245573,0.815060637690859
0.3468184031261226,0.187552919132051,0.4480404288292614,0.1885222186010218,0.2082278529034025,0.3844432186422141,0.1040798861737166,0.14276087323655123,0.2921314869660796,0.8088991285109631
0.3468184031261226,0.2028415552404951,0.3946681136216234,0.163348584608188,0.2023691767737214,0.6357495034067283,0.0843474455415239,0.13893748327450955,0.28458056393525727,0.8010115323485831
0.4089428213118944,0.1240617327253595,0.5108755584718727,0.1757154001746632,0.2816541297825161,0.3849131462252739,0.1053804885555892,0.14048942908192155,0.40146385588186484,0.8247902240024813
0.4199089930547358,0.2352749674446559,0.3828168548046687,0.1842107142092148,0.2375542890282778,0.3876693216210172,0.0763594385717056,0.1106431501786468,0.2834464692127861,0.8265654406239924
0.4255394112491766,0.0969416906406311,0.3663453780621089,0.1907138558196204,0.2949496221093922,0.3880651671354148,0.0741492261557145,0.1471096294413546,0.29303657071140965,0.8265654406239924
0.6018992463655557,0.2638462424676541,0.358756478843356,0.2543204074463226,0.2494257570379328,0.6389434250586347,0.0708940235098021,0.1386613338463592,0.32011332422042804,0.8301216013821012
0.6057700522649462,0.2756938182546839,0.3440897100067194,0.1973298464587024,0.2609949462092066,0.6414339084345942,0.0687638913818747,0.1367361675452346,0.39922909079223434,0.8336854007547986
0.4389661200069804,0.057658263080557,0.922917041389372,0.1995602543672967,0.3191825174427802,0.6374613346515243,0.0656287870111435,0.15250860192652904,0.39394635370210046,0.8354701603213498
0.7787461906200012,0.0466014547278655,0.3048326244433468,0.27755392775804,0.2531745446694052,0.3875837193788768,0.1360353400171075,0.1270552177919833,0.3549316516921387,0.83457755135776
0.8311273499796583,0.3130751005565045,0.418326540888431,0.2109003777566994,0.2795451494264583,0.4009271560158988,0.0556993931334771,0.15122103053530797,0.40540963854693535,0.8363632647307281
0.3711137182308475,0.177606854737686,0.4358084271876845,0.1885336032086663,0.2470799821952907,0.6352501793079001,0.0927278232756399,0.1256907933291058,0.3713199657471245,0.815060637690859
0.3942786272789622,0.1923980857407732,0.4490110303310399,0.163348584608188,0.2712015086216337,0.6344808087524083,0.0878910108576388,0.11223861112949912,0.347910609201176,0.8168253604237371
0.3734863998105707,0.1974150416710517,0.4637356107109598,0.1973298464587024,0.2490368392870839,0.3849412011862375,0.0976928799906933,0.13128215513967142,0.41426003617848967,0.819476017746964
0.457121520487633,0.1196480938416422,0.4727086821369503,0.1757154001746632,0.264657653124545,0.6346789239848513,0.0797351824708687,0.13871783746149055,0.4044875288529503,0.8212455146852476
0.504815425550608,0.1155841877021031,0.4893214868075701,0.138049813589008,0.2687410506486454,0.3851937670685506,0.1027861790553887,0.1314015751703773,0.40886706009585844,0.788818711701154
0.5734288398750714,0.2575505458044727,0.4063039195780472,0.2201981783605244,0.2835762817541664,0.6371917541491184,0.0752512734896753,0.12569735327839535,0.4004602840114315,0.8274537882994711
0.4318157824253775,0.2694645586429806,0.5482271426779355,0.2249223130168856,0.2615807676919512,0.3838831967074386,0.0698265379017907,0.12948293929561572,0.4173333987213138,0.8283425929283493
0.4508518625832544,0.0792139282526501,0.6502881371695429,0.2273031889834117,0.3076915309678955,0.6391763518396167,0.121620745003524,0.13339834747372362,0.40133547437986633,0.8292318745085868
0.4218775277451618,0.3000265612236204,0.6808772644150081,0.2321025582509516,0.2337436617417058,0.3897620415135232,0.0625674457609469,0.13266433333412106,0.41936997876868215,0.8319025766860202
0.71643818799981,0.0523304787308718,0.9375301997475032,0.2393956556265307,0.293171097696276,0.6465013108353364,0.1272904203315013,0.12925959371929244,0.28206448951932794,0.8336854323682908
0.4574586958631623,0.3128376008418099,0.9451141331493336,0.2492814383128732,0.286776893820401,0.3856979518891876,0.058595824644509,0.14640814872763774,0.4001231973942539,0.8363632930144551
0.3711137182308475,0.177606854737686,0.4358084271876845,0.1885336032086663,0.2701945438613878,0.6355486669217713,0.0927278232756399,0.1534717367977625,0.339564240035959,0.815060637690859
0.4181814184181848,0.187552919132051,0.4577090626481683,0.1995602543672967,0.2356193549223347,0.6352487283155527,0.1053809188333018,0.12697901588430635,0.40349839492187484,0.8177084417433959
0.3281563642693678,0.1977407073439535,0.4739027514625948,0.2040586868837591,0.2290327774182856,0.6356302207055545,0.0902953115582372,0.13572744057856997,0.39824514321780924,0.8194760263255764
0.4580196324325383,0.1282267115600449,0.3822046394251265,0.1361888693786677,0.2050091087948282,0.6588310200610867,0.114716609467648,0.13204199388924226,0.3225309094307771,0.8212455275519541
0.4776116116721947,0.1080028470607105,0.3711900645107155,0.1820680777563782,0.2459188868031374,0.6361494554422371,0.0855241275002544,0.13756191402563744,0.40230390965228785,0.7966462150396985
0.3981381508213875,0.2350795805800339,0.3571791660355697,0.1572562251800677,0.2973994737221884,0.6376939842713293,0.1244429355123806,0.15026398701721244,0.31537873387895354,0.8256776272770687
0.5671026645047875,0.0861253854059609,0.3639636517328252,0.1995602543672967,0.2369040740485197,0.3863389669192709,0.080879054030924,0.14707135717011438,0.4052647858003023,0.8283426015654551
0.6523408868245576,0.06952391937773,0.8483507482956306,0.2393956556265307,0.3122196541248633,0.639377739374779,0.0763617485928141,0.10637600205203773,0.412436434761525,0.8327937618455145
0.707259774273175,0.0665673797274122,0.3264522951416382,0.2063267115394799,0.3657185878382697,0.6412265814781865,0.0730586397288959,0.12879746149008714,0.3635459002465308,0.8354701833171162
0.7322221191025942,0.3380254831408799,0.6796678587832714,0.2543204074463226,0.3412059905054722,0.6430727451677342,0.1466057014982327,0.10601104158343055,0.26990433015778215,0.8408359004361775
0.7819756578929158,0.3584700221277791,0.9529654571071988,0.2723031493484384,0.327052831472639,0.6435573870774701,0.0666672277880115,0.1218218344659263,0.4011199631716531,0.8426282873906753
0.3711137182308475,0.177606854737686,0.4358084271876845,0.1820680777563782,0.2738854032996926,0.6352492694874925,0.0927278232756399,0.1544156073833306,0.3384183650448849,0.815060637690859
0.3901295552032353,0.1326995702565438,0.4378925978544704,0.143720576035284,0.2366143325829429,0.634744303734729,0.0831827091578845,0.1356692550995019,0.36046674377915444,0.8177084286220907
0.3490677538731156,0.2027417027417027,0.4587612722054583,0.1777970420652814,0.2304771948550392,0.6594993860165131,0.0797353447619653,0.13615426168342776,0.2913224816802935,0.8177084417433959
0.3918076941772362,0.2080041283185619,0.3900550976731478,0.2321025582509516,0.2523753043958925,0.3893592709695521,0.1040792398185657,0.13716166159036192,0.3604868581628561,0.8185920045796518
0.4153662823659899,0.2292734753607064,0.3874631180137455,0.1271371347940604,0.2731649585792924,0.641548843638124,0.0741493152154994,0.13504612851661837,0.40292576431530375,0.8212455275519541
0.5741112700574439,0.2405321441098361,0.3777785265836753,0.1475358002986206,0.3288988550226621,0.6394402123823708,0.0730561876998036,0.1262265217084857,0.40561563178620724,0.7966461685696353
0.6278633799946229,0.257874143951425,0.4186834572901278,0.1099092980449392,0.2707034099206596,0.6505625537344196,0.0698249273409845,0.12674578343759665,0.2836863568170662,0.8274537925599974
0.4773156754451372,0.0669510385756676,0.8550629892162012,0.2619431395075785,0.284029366817807,0.3923818557665933,0.1202234696270745,0.12389282328120904,0.3974507416314038,0.831902564351462
0.6950999586680665,0.0610213329056059,0.3876020615702189,0.3386159407352021,0.2191897976707909,0.4046982063507184,0.0635786750612902,0.12630790288537927,0.333827260919131,0.8345775552111808
0.7057336616337084,0.0551675732584664,0.3218454216072049,0.1307264500691932,0.265069913791931,0.6483083473760288,0.1258609999861964,0.1347941316305965,0.2751061076823542,0.7853521169676776
0.4358586197949352,0.313126709206928,0.386219642638099,0.0878809590063075,0.2192186872438476,0.3959253001187464,0.133088223915478,0.12989108254305384,0.37945002681375184,0.8390454064569496
0.3711137182308475,0.177606854737686,0.4404923266113892,0.1820680777563782,0.2625278844210829,0.6357909614405269,0.0927278232756399,0.15211298127663553,0.322910,0.815060637690859
0.3646824519417099,0.1925154320987654,0.4235558263375059,0.1437336608222249,0.2136449450992183,0.6350976217496667,0.0964395350701402,0.12683281163315574,0.312489,0.8159427605590265
0.3790494756522162,0.2078969785037831,0.4737513729843045,0.2178549196440372,0.2698403794260428,0.657365014384138,0.0989540665498346,0.12931395316796918,0.393467,0.8177084417433959
0.5219318044764847,0.2132285153118486,0.495913748022609,0.1573218310625865,0.2993036902670132,0.3835886123476824,0.0989544132447241,0.137080368402144,0.357292,0.8185920000157936
0.4300980015429156,0.100667037521487,0.3602784663338249,0.1253717380713235,0.2311103519007505,0.6343195939928871,0.1040806187084269,0.1377320178627933,0.314202,0.8203605384624618
0.5954087623134102,0.2460179829793205,0.5234185737434851,0.2645210251151219,0.2722887295947214,0.3856480212048064,0.0605702651465021,0.14215436094116476,0.323466,0.82567760575515
0.4208658043844068,0.2574128380579993,0.5287784289651103,0.27755392775804,0.2809771704861599,0.6359396437382224,0.0566611710672103,0.1313934697857609,0.285185,0.829231858119452
0.2693860514815163,0.2874578955810409,0.5452568219263341,0.2990586038618333,0.3314489714998794,0.6405944618642943,0.1147155450007062,0.15557103864886576,0.413377,0.8336853971517895
0.6854172685313268,0.0523304787308718,0.5761148957032394,0.3073297506593054,0.3373818499745492,0.6397626248199981,0.0557001198086442,0.1041241191249593,0.402165,0.8363632537526751
0.4764066093600728,0.3124758729601684,0.3184763886917393,0.1235844113636516,0.3324616501572439,0.6358086624011395,0.0547510311048734,0.1401489965493509,0.400178,0.8390454028950718
0.753776962027422,0.3254455668914346,0.6584864977684025,0.0820425239092697,0.145818690873379,0.3957157899699822,0.0457029485976016,0.1417422049538089,0.330939,0.8417318411123424
0.3711137182308475,0.177606854737686,0.4404923266113892,0.1951119774160015,0.2738854032996926,0.6357909614405269,0.0927278232756399,0.14567486903090732,0.324289,0.815060637690859
0.359633522978931,0.1542157687991021,0.4484236716960191,0.1842049150200535,0.2664813107279039,0.6344038849082971,0.105381291740318,0.14239085848945582,0.379956,0.8177084286220907
0.4409061553064015,0.1365037207787326,0.4599790699086578,0.1653783745463667,0.2013728823239181,0.6348737722902885,0.0855206088756689,0.14220858082416662,0.356076,0.8185919826055178
0.4561027145854749,0.1323345192163151,0.496971803770611,0.1863544234091344,0.2852743921259408,0.6366603865929977,0.085521429890494,0.13993044627124265,0.386608,0.8212455025680564
0.3784457196256737,0.1157570775523297,0.4357548553497822,0.1799262694694594,0.2941230333529144,0.3844282057580891,0.0820268869698866,0.12745830906564443,0.397000,0.8230169036056992
0.5923605349845226,0.0965885160746876,0.3727694962892992,0.1050002083745007,0.2878423352034687,0.6365520239640647,0.0774786828548243,0.12925548244613663,0.388141,0.8247902126153434
0.4982161379263489,0.2522875816993464,0.402470792294033,0.0970448694215602,0.2210177466822269,0.6345081454655372,0.1330929771371314,0.13958805210241365,0.374919,0.8265654295946316
0.2813845597358339,0.2698487428628668,0.3418271187184888,0.2418422212264819,0.2776520944140282,0.6606345957926183,0.0730579264126798,0.1382548037135528,0.322636,0.8327937142489326
0.5063122192179198,0.0596355604638321,0.3699135787415462,0.2593822078813869,0.2502906234077066,0.6454760770298883,0.0687656381460165,0.14636977327812875,0.281286,0.8354701432661522
0.498077016240018,0.294154182131462,0.6152394558628469,0.0835070037963549,0.2796078566961654,0.3900555012196953,0.1435462004356343,0.13815346733139358,0.315905,0.8399403973930286
0.4967502447041615,0.3130751005565045,0.3704155823113201,0.0820663210800501,0.3072818799572333,0.3920793854550325,0.1512541053478127,0.16348436506670352,0.380604,0.8426282733136812
0.3711137182308475,0.177606854737686,0.4404923266113892,0.1820680777563782,0.2701945438613878,0.634946595225035,0.0927278232756399,0.15306030768090897,0.338625,0.815060637690859
0.3872295531248829,0.1873167651436561,0.4414625174861846,0.1995602543672967,0.1729229253181124,0.6360816186402155,0.0951944662744334,0.13713877839125696,0.400769,0.8168253604237371
0.4165212159326163,0.207634934637902,0.4616940973210505,0.1633423753372745,0.1940033833870298,0.635533029167244,0.0989542832341718,0.13155493645295513,0.315063,0.8194760307410384
0.3754428332357333,0.2128380579993483,0.4732772602119715,0.2201981783605244,0.2643359325560308,0.3843890123252617,0.0786021262089888,0.1310604101119407,0.357796,0.8212455275519541
0.4947281824084826,0.2289875416739779,0.3739882432095729,0.1437336608222249,0.2061393177775694,0.6358113328850551,0.0797353447619653,0.13496728096252342,0.403541,0.8247902361242716
0.4891116683136927,0.0929034910892479,0.5046326528616536,0.1418351374207105,0.1985741914095256,0.6395749284252275,0.1080079186301335,0.13664049380850649,0.401750,0.829231858119452
0.5042238689976518,0.0794124282455568,0.3422482315840996,0.1271439677544447,0.3175866585415492,0.6361904596169774,0.0708940235098021,0.14960829772145504,0.417173,0.7905548038221355
0.493782594275407,0.2868144327828059,0.3064779137366412,0.118373545358172,0.2694299873243143,0.3873927488832545,0.1120088408325492,0.12471916148933089,0.411994,0.8354701603213498
0.4974471767608619,0.3117996276390206,0.2898075639423479,0.1132617347240991,0.2345433936258384,0.6603186310848351,0.1174546065977819,0.13388971904752525,0.398414,0.8381508750590035
0.8052186839384053,0.3245820992922042,0.937809596201148,0.1149531348647467,0.3140943036690108,0.3886887322469161,0.060563683490906,0.12737685686197617,0.287887,0.8390453994081809
0.8461391328041282,0.3376199490828383,0.9108987996817208,0.1033618334002736,0.2415454966017483,0.6471232135969643,0.1230285243796293,0.13303317971347067,0.389977,0.8417318411123424
0.3711137182308475,0.177606854737686,0.4404923266113892,0.1820680777563782,0.2701945438613878,0.6351929946818818,0.0927278232756399,0.14698854522613178,0.370961,0.815060637690859
0.3951390446465905,0.177606854737686,0.4180093351073607,0.1995602543672967,0.2893513125731705,0.6359287000883656,0.0951943212154353,0.1411357118004616,0.314140,0.8185919911416243
0.3573851384903925,0.1873167651436561,0.3958122930785269,0.2063267115394799,0.2159892391945662,0.3844403827105463,0.0855206088756689,0.13970146268438702,0.399271,0.819476009504767
0.4407973986598515,0.2023460410557184,0.3925102923884627,0.1820680777563782,0.2932911320887142,0.6359530610900157,0.1040792398185657,0.13805842715508984,0.401364,0.82301691535545
0.461350805117813,0.2453674441936293,0.4902867213060907,0.2178549196440372,0.2507976691457071,0.6358352414940242,0.0786017716831892,0.13305892526371568,0.404313,0.8230169036056992
0.47891853267315,0.0814192259224115,0.5248281169569183,0.2249223130168856,0.266092864932168,0.6363262780697551,0.0741495230215977,0.13723790951897114,0.319240,0.8283425727351124
0.4935684203997133,0.2807775269626285,0.3321894987605339,0.2321025582509516,0.2815679641496708,0.3846563042779101,0.071971492150098,0.1166091114027381,0.343095,0.8301216050623157
0.5218399980171515,0.3119895245931247,0.3667666590568509,0.2225437987215584,0.1713265835453989,0.6620651448343955,0.0656295360054284,0.1462090654078209,0.414722,0.8327937309973238
0.5396681928779525,0.3119895245931247,0.5716928403388648,0.1182675266962757,0.3383224232591817,0.6355201186730225,0.1188343792426457,0.14439966256214792,0.286502,0.835470149858274
0.5755050708920602,0.0356780537782375,0.3727978045332771,0.2593956379790992,0.3728525852005654,0.3936096553743566,0.0605657920404961,0.13586371169299966,0.414845,0.8390453926593592
0.630570873754718,0.0387767289442913,0.3705059092932837,0.2619520619740244,0.2472249127214768,0.3899425518916888,0.1272908400713761,0.12683010036243533,0.404059,0.7827572539966952
0.3711137182308475,0.177606854737686,0.4404923266113892,0.1951119774160015,0.255213359620384,0.6355486669217713,0.0927278232756399,0.1366642371002811,0.339368,0.815060637690859
0.3764222850568786,0.177606854737686,0.444235336994421,0.1885166024157509,0.2047975335605114,0.3845694691390992,0.097692822127313,0.12864573355903194,0.326512,0.8168253695550046
0.335966439434345,0.19226451218412,0.4616270588668205,0.1593266195701187,0.2683414963871555,0.6571539330581798,0.0989541098867103,0.12242392790166222,0.405229,0.82036053411048
0.3934383699254041,0.1192684015466476,0.4705917530754273,0.1674207028237432,0.2206500706722791,0.6353284623345808,0.0820251062124248,0.13328115961653025,0.314726,0.8212455275519541
0.4932547837835803,0.2342739933500168,0.3797682003234908,0.1736229181187206,0.2099761430131445,0.6354242905436397,0.1093325693948998,0.13141510705454096,0.374986,0.8221309848926787
0.5106445175303439,0.0965885160746876,0.5335976512686034,0.1714904365773108,0.2166185147440608,0.6355379692767872,0.073056262003906,0.1308380763702076,0.405650,0.8247902534294509
0.2945007469428216,0.0863040340043307,0.3623418685151111,0.177758108928915,0.2428009381837759,0.6363501812558927,0.1147141824792855,0.09636296257894947,0.392546,0.783621861781669
0.495248643457449,0.07959238912503,0.8435452770579532,0.1653078019293097,0.2290745492151092,0.6375433399668659,0.1216211674702955,0.13512623641329055,0.391080,0.8292318921706606
0.6698221893281132,0.073141390648809,0.8660014698445019,0.1632775261780322,0.2214717640225217,0.3893301344032929,0.1330890022243467,0.11986711973706297,0.412228,0.7758587663200368
0.4992801807651629,0.0578708810493171,0.3312707479297774,0.2086072751567993,0.2008807183983523,0.6448028224467192,0.0576215271950155,0.12890488622490034,0.398887,0.7715626229932295
0.5008911481553667,0.330618704313095,0.3557624239853647,0.0805455933896586,0.2420237113830502,0.3935232506630179,0.0566566793422448,0.10840158675974505,0.348876,0.8363633017816461
0.3711137182308475,0.177606854737686,0.4358084271876845,0.1885336032086663,0.267251534495794,0.6352183593544026,0.0927278232756399,0.15608695298685876,0.321116,0.815060637690859
0.3533401091582731,0.187552919132051,0.3980095246320108,0.1995602543672967,0.2060284336763637,0.635293458209836,0.097692822127313,0.12507631928475108,0.405494,0.8168253604237371
0.4331543617333734,0.2029254120122226,0.4973820916467129,0.2040586868837591,0.2900141001872626,0.6343527771778943,0.0843474455415239,0.10280559286272029,0.384849,0.8203605298421901
0.3371678748593716,0.2134098081450683,0.5175345602621334,0.2178549196440372,0.2223952850904824,0.6344384359035504,0.0820251650805505,0.12382752871160764,0.397944,0.8230169074398286
0.5053544970790769,0.2295862138062318,0.5330113253287093,0.2249223130168856,0.1761455015876027,0.6362232869610138,0.113356557779904,0.12421183396829974,0.409086,0.8256775977148846
0.5605234606721347,0.0899902282578737,0.3829123781514956,0.2321025582509516,0.2998266672022213,0.6346909217684494,0.0730561431173363,0.1445485669388327,0.395440,0.8274537720612368
0.3329587012774596,0.2464900549469814,0.5638504392277279,0.1148713197526286,0.3040867288512756,0.6344900704430712,0.0687638316633266,0.1301893058105617,0.413179,0.829231850402237
0.3318245184103436,0.0697338601311646,0.3749009800461799,0.2418517663734298,0.2515206862577214,0.6346706469550585,0.0635786750612902,0.1316318240746134,0.378259,0.8327937419811505
0.3386296156130391,0.2817863046636277,0.6870487327025656,0.2492953335421233,0.1866149580129762,0.6398637420084102,0.1272904203315013,0.13394046310346205,0.410166,0.8354701639623465
0.6799432054976234,0.294154182131462,0.7388339628269338,0.2543204074463226,0.3107347051138691,0.6398283028433546,0.1316268828113515,0.13480102288339385,0.272709,0.839045410093814
0.7028912591869948,0.313126709206928,0.900178871128728,0.2645210251151219,0.2859199874277202,0.6530270971736064,0.0566557719178663,0.1320158209715924,0.281051,0.8417318445779024
0.3711137182308475,0.177606854737686,0.4404923266113892,0.1820680777563782,0.2470799821952907,0.6349931445062974,0.0927278232756399,0.13954901696357505,0.370969,0.815060637690859
0.3755431770261556,0.1728445165945166,0.4318247142589723,0.1995602543672967,0.2389649657274462,0.3840574473377531,0.0927282596387999,0.1272115762816926,0.404295,0.8177084286220907
0.3763821793465889,0.1873167651436561,0.4864277430417028,0.139949122721097,0.2446300777816307,0.3845624552475752,0.1027858913715996,0.12817423062003383,0.401540,0.819476009504767
0.4251902662281561,0.2023460410557184,0.3988760876308899,0.1362146203553689,0.2045750452684899,0.6358375123508547,0.1066898099127886,0.1330493745858448,0.267453,0.8203605175394707
0.4177871022495302,0.2289875416739779,0.5140103388945749,0.1418028895318421,0.1963469999121352,0.6346365518684531,0.110665779115568,0.12485425956239128,0.354211,0.8239033233880738
0.6040402522781346,0.2513764780214821,0.5390499353242484,0.1513709649942078,0.2166645748244592,0.636264546001863,0.0730566632458536,0.13685127088179927,0.342829,0.8256775826089295
0.4694288477409231,0.2688930235357248,0.3584017828595788,0.1455692433200104,0.2313789371545709,0.634524165775632,0.1160791979315463,0.1439725736810051,0.286467,0.8283425545412018
0.6492587037914779,0.0758479230086409,0.3496381616801507,0.1417659627227425,0.296127750429928,0.659538664375015,0.1202233426853707,0.10878150563406486,0.383716,0.8310118161666128
0.4951440361483211,0.3053051596065047,0.3938138179244832,0.2345161370335308,0.2401172228316669,0.3889827209774649,0.1272904203315013,0.14178151372436765,0.283542,0.8327937111329525
0.7768483844763797,0.3181590042160209,0.8513755326544672,0.2696965688102082,0.3129169630591611,0.3957397781910615,0.0666700558293205,0.1470421212961869,0.317289,0.8363632249352788
0.8033056517530535,0.3446496687412166,0.900598774018467,0.1000753357492661,0.3231338049052262,0.3991007618694722,0.0656332809588409,0.15098367902607437,0.404381,0.7836217256907277
0.3711137182308475,0.177606854737686,0.4358084271876845,0.1885336032086663,0.2738854032996926,0.6355633954868499,0.0939570501002004,0.14375667480145105,0.338401,0.815060637690859
0.3396745547209824,0.1923980857407732,0.4577090626481683,0.1799262694694594,0.1680781013243139,0.636418714175416,0.0964395495560793,0.1369863527562576,0.321269,0.815060637690859
0.4369477343565121,0.1974150416710517,0.4760212257252013,0.2086072751567993,0.2922495824443699,0.3849271737116307,0.0867017875751503,0.12607604809841477,0.314926,0.8185920000157936
0.4599694059906107,0.1196480938416422,0.3765701270173877,0.1343596275353661,0.2332346335358978,0.6348862262159422,0.1027858913715996,0.1398353998351877,0.399620,0.8212455320074151
0.5438034075892975,0.111762789182144,0.4391443510924988,0.2296966040579733,0.2433876382767706,0.6358572355706682,0.1040791823647294,0.13263352981470022,0.413524,0.8247902489807141
0.4584714562661984,0.1080028470607105,0.3533732522837047,0.2418517663734298,0.2332281357012672,0.6354251999170849,0.0763598828074315,0.14645166589389852,0.385976,0.8283425972069158
0.4890965604523873,0.0970910275362681,0.3449015704385461,0.2468016053285019,0.2773982759181834,0.6865804834753505,0.1160792262736952,0.14221290316637725,0.402672,0.7922927650497897
0.4257154664359043,0.3053051596065047,0.3332968267923826,0.1995602543672967,0.2927552196002359,0.6427288952339058,0.1202236953011241,0.1587178965258541,0.410411,0.8345775713955461
0.7242951467667043,0.0674932371505861,0.3213438928347573,0.2086072751567993,0.2713130328899182,0.6407407188481895,0.0719733668001833,0.12314493619742169,0.385532,0.8354701874180273
0.4855052214237643,0.3376199490828383,0.9074722982098412,0.2645210251151219,0.3136344522755493,0.3860597345496999,0.1244396508577504,0.13177723407514988,0.375879,0.8372568464669327
0.486194004821654,0.3511325804556433,0.3406822878268414,0.2201981783605244,0.3316372072894497,0.3907691192257724,0.1301733897621854,0.13569363630257694,0.318638,0.8435252037198073
0.3711137182308475,0.177606854737686,0.4358084271876845,0.1885336032086663,0.2738854032996926,0.6357909614405269,0.0939570501002004,0.14623880679261964,0.372297,0.815060637690859
0.349699559673894,0.1873167651436561,0.4519074561990524,0.1799204911453343,0.2070041143338106,0.6362087119793738,0.0964395930138938,0.14363512783123422,0.349976,0.8177084286220907
0.3442527296203037,0.1360231443412687,0.3989812321579641,0.1343726928795281,0.2210417530742745,0.6578942453711818,0.0989541098867103,0.13823034397687958,0.361097,0.8194760135838135
0.5271360030039749,0.2074800090241395,0.383768830571242,0.2132060193589844,0.2197190276068266,0.6359153349214705,0.0797350496872016,0.1446410004853179,0.318141,0.8221309765230985
0.3430725529792462,0.2235907461713913,0.3758452725615893,0.2296966040579733,0.2039462503435455,0.6407473278696045,0.0752510511053867,0.13038713864075163,0.260946,0.8230169074398286
0.4862393596392952,0.093276325286711,0.5611246906360297,0.23452105157155,0.2433065086898335,0.6587480244586124,0.0719721170343013,0.1355621930508325,0.314528,0.8256775862635963
0.328358897052253,0.2626828680941582,0.359091615132031,0.2468016053285019,0.1723967846550215,0.6597006429816508,0.06876532462473,0.12828171885367,0.396084,0.8292318430032569
0.3244889148595068,0.2803804456936358,0.3254686622361386,0.2468016053285019,0.218342485927932,0.3905065224749083,0.1202234696270745,0.12675332705047485,0.320472,0.8292318325014777
0.6779832813185852,0.073141390648809,0.915569866343134,0.1532858421141182,0.2611355052001064,0.3918769601428426,0.0687667578631736,0.10581794000921574,0.371464,0.8327937174428122
0.4715218327048746,0.3509142053445851,0.922917041389372,0.2696965688102082,0.1763257372612696,0.3808472132369976,0.0656332809588409,0.11104463552243185,0.284037,0.8336853835145924
0.4612972792581505,0.0583949287163939,0.2983708806022138,0.2201981783605244,0.2394745679647191,0.3948105902020304,0.1345580382532912,0.13045526682316252,0.291473,0.8381508616371524
0.3711137182308475,0.177606854737686,0.4404923266113892,0.1820680777563782,0.2738854032996926,0.6354510205109278,0.0927278232756399,0.1557891883705077,0.371305,0.815060637690859
0.3523518275507786,0.1874430024552788,0.4083173485788499,0.1418417479385966,0.2599710224132238,0.6363712560337664,0.097692822127313,0.12279965740062121,0.412402,0.8177084372847001
0.3174794153681852,0.1450266136065195,0.4380221234079149,0.1756976665568839,0.3018702076198456,0.6369221792499219,0.0843474895809225,0.14393808850273848,0.284057,0.8212455146852476
0.2732290834978674,0.1362007168458781,0.3754737386295147,0.2201981783605244,0.2996842216551989,0.635836604011521,0.1066898099127886,0.13384980965406143,0.347264,0.8221309765230985
0.4085335551664433,0.2406348792817527,0.8573412133891634,0.2225539761468355,0.2546571418463256,0.6377518528614655,0.0808761364211195,0.11735155528842332,0.365231,0.8203605175394707
0.4396027392543154,0.2520328461850629,0.4291451776696338,0.1217834676377384,0.28474159573848,0.6354220170901789,0.0843488988394407,0.13331609799866923,0.326399,0.8247902240024813
0.5094551030532483,0.0961625282167042,0.3301183245950085,0.2369520840277939,0.2885882551264753,0.6632455227311077,0.0831838850336941,0.1259617396710133,0.400714,0.8274537720612368
0.6640940484683715,0.0888121747944023,0.3219724971884987,0.2063267115394799,0.2362687108415677,0.6591756114594423,0.1188339836893553,0.14681342103450523,0.400802,0.8274537682026459
0.4383982133788041,0.2876935411133938,0.929541210901179,0.2225539761468355,0.33053266451488,0.3853023142846205,0.1230261482965931,0.1380724196773984,0.417668,0.8319025565199957
0.7555919465504642,0.3000265612236204,0.2991616060259731,0.2619520619740244,0.2712055459368784,0.3893470780245776,0.1287278557114228,0.13106791056436098,0.391843,0.8345775552111808
0.7924995644239161,0.0367755399663071,0.9604784158282162,0.2696965688102082,0.2030396747200298,0.637397217511768,0.0698276116058963,0.13390129908209694,0.397794,0.839045410093814
0.3711137182308475,0.177606854737686,0.4404923266113892,0.1820680777563782,0.2738854032996926,0.6357711409365294,0.0927278232756399,0.1332757355743474,0.371305,0.815060637690859
0.3582698917875484,0.1874430024552788,0.4452425981671178,0.2040586868837591,0.2880761005134494,0.3839873061458288,0.0867019193536308,0.1483220872207495,0.404046,0.8177084417433959
0.3442527296203037,0.1407343927753472,0.460954979550936,0.2109003777566994,0.292589564399819,0.3838680654453459,0.0831825621731962,0.13180069786370427,0.360792,0.8194760352406041
0.385680312987531,0.2239758698092031,0.4958015125349783,0.2178549196440372,0.2832423468610249,0.3835008296259022,0.0976940951199665,0.1273997496446854,0.410915,0.8221309892017691
0.4882790425664689,0.2461426674350429,0.5045436968094141,0.1694114815984599,0.3146105595559195,0.6346499165027134,0.0741500573797077,0.12473230467942846,0.359565,0.8230169278472885
0.2687396501737365,0.2634773152115626,0.4253638804378917,0.1842107142092148,0.233345857751945,0.6348891101725185,0.1066915285022052,0.13280263457647876,0.280913,0.8265654523805621
0.4935140800240182,0.2812642554578038,0.3230531472237864,0.2393956556265307,0.2571304215078119,0.3852498741117432,0.1093341686663822,0.13489133007899895,0.402632,0.8292318661549021
0.680210572442097,0.3123276268415721,0.3454971532068763,0.2593956379790992,0.353843172554878,0.6355467570160581,0.0646018228030062,0.15143425555311668,0.378159,0.8327937496931982
0.6813980461843518,0.0574266365688487,0.3339085855260652,0.2018032011674772,0.2143275672284983,0.3873239065522267,0.1188369220767476,0.12981230873361896,0.399865,0.8354701714742973
0.7321941744209239,0.0518836217707549,0.6380418293447807,0.1398566034381966,0.2047854862811384,0.6375301689009341,0.0585954775141839,0.12368777154412727,0.404437,0.8363632685425516
0.7673736613405535,0.0441780564263322,0.3432786133982859,0.2063267115394799,0.2873136332704803,0.6444318857300143,0.0557004225896338,0.15002314738111577,0.257078,0.8399404263261591
0.3711137182308475,0.177606854737686,0.4404923266113892,0.1885336032086663,0.2662296703605246,0.6347042864590289,0.0927278232756399,0.15323848367984272,0.339453,0.815060637690859
0.4026052934061574,0.1874430024552788,0.4490110303310399,0.1995602543672967,0.2060112954336056,0.6358950601663524,0.0951949014511489,0.1315396042641257,0.403687,0.8168253604237371
0.4498454811158497,0.2027417027417027,0.4538530428002634,0.2249223130168856,0.2776796753397953,0.6360299736586789,0.0890893592587078,0.1287519295044077,0.402971,0.8212455146852476
0.4808254407831043,0.2186205203485022,0.4126214141868328,0.1756976665568839,0.2680260178124314,0.6371683409110717,0.114716609467648,0.1304029854521068,0.312939,0.8230169236008882
0.420971737066879,0.0890544268873839,0.4830382213150989,0.2645210251151219,0.2585172698774934,0.636967039029001,0.0855236876736619,0.13655045588875955,0.387562,0.7983908458995237
0.5641621088055218,0.2460179829793205,0.3789554482213786,0.1593079020716961,0.2086326736108102,0.6345333550746407,0.0820293594150722,0.13232774047218926,0.357358,0.8001374492331156
0.4402616890218125,0.0627133105802047,0.366233724916937,0.1099165442910898,0.246376654607062,0.6382222240502713,0.0786067350195581,0.11798124851900806,0.403458,0.8319025453601547
0.667928197130476,0.2633481032961745,0.5390394887906768,0.0954837346158091,0.3374550327206608,0.6407858976332108,0.1316298899122207,0.13336833320249392,0.403424,0.8363632537526751
0.7010678982221421,0.0488234497086852,0.5571770457186568,0.132556666938883,0.2905555611901129,0.6353671043658691,0.071977919490288,0.14043296457515955,0.281273,0.8399404007486757
0.7352383653387798,0.3249683931689109,0.3219913420917188,0.1201025558529578,0.2271273403258422,0.6613328552759912,0.1360373345758151,0.1405039345194276,0.412891,0.8426282667150893
0.7753660499271124,0.0387767289442913,0.3109406549468135,0.3683611755461096,0.287070712332975,0.6451786399432043,0.0677190316980319,0.13208731752528927,0.400631,0.7844866828483996
0.3711137182308475,0.177606854737686,0.4404923266113892,0.1951119774160015,0.2738854032996926,0.6361649865982056,0.0927278232756399,0.15384272396226156,0.369651,0.815060637690859
0.3883714119661485,0.187552919132051,0.4490110303310399,0.1437336608222249,0.2610866441892393,0.6350271573919927,0.0878910693495922,0.1299124726915806,0.272044,0.8168253649467015
0.3403838393673923,0.1926165653853283,0.4687759448435187,0.1418417479385966,0.1687961722077528,0.6349608705731371,0.0797353447619653,0.12878153090336955,0.414469,0.8185920000157936
0.4565202832448223,0.1239256486200692,0.487649068671557,0.132570247955622,0.2238168224466178,0.6345485428164795,0.1015006012024048,0.15148494814723693,0.413066,0.8230169236008882
0.4709522187626379,0.1081593072031031,0.3857642919443589,0.2518016009148039,0.2949717897853603,0.3839985619344659,0.1053805172407829,0.13213936499348394,0.318575,0.7992639201367475
0.5134284823448226,0.0930990399318176,0.5027493788633829,0.1218511150166531,0.2399592822732288,0.6353542826014011,0.066669562045565,0.13887038195523826,0.291805,0.829231858119452
0.3223424324481683,0.263691338046163,0.5243615496069081,0.1399557208615002,0.318878825248624,0.6386921658579751,0.1106663779454193,0.13525927213789668,0.402192,0.7940326909790032
0.582512275887009,0.2756103548650531,0.5334349454712598,0.1236051580090888,0.2784232715845566,0.3856605703554608,0.0615629720366431,0.14979501789489624,0.391125,0.8327937419811505
0.6459740255003559,0.2817107445055082,0.5670931511521283,0.1132689536779957,0.3117221733927843,0.6602680750166464,0.0605648431943519,0.12872632184799418,0.397220,0.8327937419811505
0.3613516587831642,0.0599139856174317,0.3794300575089932,0.3157063316976412,0.2492447182002152,0.3864189671099692,0.1216217589230928,0.14887404709496535,0.412804,0.8354701639623465
0.3755735956942788,0.3191227032607933,0.3253255557281623,0.0970448694215602,0.3076837053215053,0.6435290549643607,0.0556992114645106,0.1440363346093672,0.325188,0.7775804153557553
0.3711137182308475,0.177606854737686,0.4358084271876845,0.1885336032086663,0.2701945438613878,0.6357909614405269,0.0927278232756399,0.1391595006589319,0.337315,0.815060637690859
0.3499714442841981,0.1585855396689369,0.4484236716960191,0.1456446926922269,0.2731416599503233,0.384527385745891,0.0902935614253125,0.13716228866838512,0.341441,0.8097779124626568
0.329848310466381,0.1360231443412687,0.4698759331576325,0.1863431609935431,0.1461050604602571,0.6352354496017163,0.0902942031415001,0.13009754370846321,0.413778,0.8185920045796518
0.4619458095823749,0.2238630953872366,0.4830904300685875,0.1799034638767443,0.2384385808344734,0.6573037601844426,0.1040792398185657,0.12484142917689307,0.319476,0.8203605428981353
0.3147943995890339,0.2347460430428724,0.5089502818474918,0.2671025273962799,0.1817668369344241,0.635320188031793,0.1027859776767557,0.12456917439990348,0.343333,0.8221309892017691
0.5224903849699478,0.2632040708896297,0.5188012552509887,0.1115336030112795,0.2064563350537689,0.3858730235198835,0.110665779115568,0.15821504940604902,0.403371,0.8239033434882201
0.5946803509808256,0.0930990399318176,0.8706815557879181,0.2801981256065833,0.22931248571585,0.3862299176584678,0.1230261623562939,0.1356295025851269,0.405326,0.8256776098971046
0.4305011990071726,0.293435751388861,0.3828673344477821,0.1592489272879536,0.260060760374747,0.635581397791547,0.1147145231100339,0.14703089054465146,0.397219,0.8274537925599974
0.6747112408486394,0.3188564208499629,0.6385468007461388,0.2936072007241145,0.2291937713720802,0.3912463790471465,0.1133577518150364,0.1343102696522545,0.337648,0.8301216288056312
0.4452807173611523,0.0606352358315531,0.6349245003496038,0.301799199515684,0.1732008095775292,0.3878620674923263,0.0730609431383474,0.1515459595803246,0.386684,0.8310118642704258
0.4522862486462822,0.3385333614144878,0.976103462797082,0.1436349787947299,0.2773298778297122,0.3913948820010086,0.070899922084668,0.13955919524216706,0.306540,0.8336854323682908
0.3711137182308475,0.177606854737686,0.4404923266113892,0.1820680777563782,0.2662296703605246,0.6355486669217713,0.0902934155805982,0.1380567185681791,0.338695,0.815060637690859
0.3951390446465905,0.1974150416710517,0.4558362680770316,0.1380955352343353,0.2444216646305483,0.3840855037322666,0.09769279319562,0.10389649058566751,0.412554,0.8177084372847001
0.4073415354576625,0.2077739188830253,0.4764014540178728,0.1307535604272447,0.2558932380654597,0.6362663605200362,0.0927284341839463,0.13592864151773537,0.354817,0.8203605175394707
0.4368502152068297,0.2185148068346946,0.4884457922412233,0.1271508552702459,0.2892903495589545,0.6364294669620699,0.0843476657384745,0.1367614535265752,0.400860,0.8062656000171138
0.370557427644853,0.2462522045855379,0.5014566691416364,0.1674085009777833,0.272899956909824,0.383510425658195,0.0843492071141633,0.13137052472166205,0.325827,0.804512319472501
0.3712347070135727,0.1044524066046954,0.5199959342613614,0.1115901316338042,0.2964348678443737,0.6377333670874575,0.1174527955231306,0.14669511640852265,0.396619,0.8310118404153468
0.4209023416732754,0.2815163739319987,0.5394847710533258,0.2418375197971036,0.2463396813549387,0.6404893170246722,0.078604371532718,0.12914711999131445,0.403271,0.799263915647757
0.6207747401291743,0.0826397384729548,0.6149164447529335,0.1001818463060674,0.2191559386963747,0.3933415475394298,0.0752532304668028,0.13398990016395465,0.388041,0.8345775402599072
0.4406610251346878,0.06952391937773,0.6565282540850172,0.139949122721097,0.3169721689577097,0.6422220188716994,0.0708982687038131,0.1393566327674088,0.398226,0.8354701567570054
0.4601818942780074,0.3189964157706093,0.8509873241777335,0.2801815328816935,0.2750146087894479,0.4003543776965649,0.0687681463087088,0.1280221203479529,0.399036,0.8381508750590035
0.4628226395622304,0.045782938964449,0.347290144083287,0.118373545358172,0.4090972779852962,0.6705890686531688,0.0635855808828094,0.14616108690095703,0.345516,0.8417318344024279
0.3711137182308475,0.177606854737686,0.4358084271876845,0.1885336032086663,0.2701945438613878,0.6355486669217713,0.0927278232756399,0.14573695267526163,0.371140,0.815061
0.4066805876399932,0.177606854737686,0.4532622530013085,0.1863487667597328,0.1961479883999157,0.3848991187271672,0.0878909816116594,0.1460743342632975,0.379828,0.816825
0.3635241192700295,0.1873167651436561,0.4636997016115465,0.1841878235380698,0.254187749579738,0.6352575441288435,0.0843474455415239,0.1221703681353524,0.326367,0.819476
0.4193904596065348,0.2023460410557184,0.417269564049661,0.186365889349058,0.204192169508877,0.634900956965955,0.1106660642727406,0.147530577984987,0.274503,0.822131
0.5764413688885994,0.2179348316635075,0.4268808665199901,0.1633121136472693,0.2275831510198753,0.6341130452615175,0.0741492558423114,0.1374281278087969,0.357549,0.827454
0.6069719688618642,0.2288212935383257,0.4280750999235373,0.1166154147848334,0.3256712607323616,0.3837595732690751,0.109332797862606,0.13657715103917448,0.400059,0.831012
0.6420579037347818,0.2510084084204612,0.5523084228024028,0.2296916103291359,0.2640028173350779,0.6348751384227153,0.0656287270915489,0.1483704065217662,0.313813,0.798391
0.2524162217735303,0.0690477026749022,0.2967854595521679,0.2492906548337085,0.2793686675532998,0.638126403178802,0.1174553423447358,0.12615866679093996,0.416216,0.795774
0.2336928890200041,0.3050924043197325,0.308640576396491,0.2909003076377241,0.2940934602799614,0.6405088447131272,0.0585937116733491,0.11941175146100617,0.403636,0.839940
0.7319379528196805,0.3115958034235229,0.5637915051864285,0.3045601628118996,0.24300194262963,0.6404712012169111,0.1316287622518354,0.14006323905512455,0.408173,0.787951
0.7913223573051793,0.3243684313597493,0.607278030181827,0.3129065429740353,0.2778129717574585,0.6308843540318566,0.057620711348351,0.13756275124965545,0.414437,0.842628
0.3711137182308475,0.177606854737686,0.4358084271876845,0.1885336032086663,0.2701945438613878,0.6355633954868499,0.0927278232756399,0.1569531467861705,0.371016,0.815061
0.4096010320716763,0.1926165653853283,0.4598267083461373,0.1973298464587024,0.2440352733132803,0.6368861242554229,0.0964395350701402,0.1289577273106068,0.422313,0.816825
0.321375685563999,0.1405836474456652,0.4089307837174722,0.1653783745463667,0.246744927120995,0.6372584598429385,0.1002233551021635,0.1277571061943301,0.270210,0.817708
0.5117503462202315,0.1277940697295536,0.4036666399144127,0.2155241999822807,0.2417403693545331,0.3849415406374482,0.1040793116358508,0.11630847246111654,0.405005,0.821246
0.4027888506976554,0.2292734753607064,0.5462013501016286,0.1757154001746632,0.2525610012944198,0.634501539211098,0.1053809188333018,0.1420464127950503,0.400623,0.823017
0.3916344830971798,0.1001394028743067,0.3853198912596645,0.1592660676873741,0.2388011360536377,0.3869795193709768,0.1053817793874855,0.1309777821496323,0.362446,0.825678
0.4066317905007198,0.0929034910892479,0.6167208975226892,0.1165693275697959,0.2380444651249288,0.3929209292609787,0.0708942022555954,0.14635768554279283,0.324349,0.831012
0.4127380684745103,0.2756103548650531,0.6502870671246491,0.2443204162729824,0.1966809265469374,0.6412918817716328,0.0666657913160214,0.14189738616494343,0.400682,0.832794
0.7225721713399824,0.0596355604638321,0.8075945947077372,0.2086072751567993,0.2473292215693679,0.6372939094731016,0.0645997233122421,0.14702623069766801,0.316112,0.789686
0.4547634316886324,0.2939313772647106,0.8221141146473334,0.2178549196440372,0.2512633627131,0.3981078162755254,0.0615606550940044,0.13926463703462105,0.320824,0.840836
0.7955986799061067,0.3191227032607933,0.8287932246735654,0.2619520619740244,0.1987317238301413,0.3911760158596341,0.0585936513026052,0.1380251104296082,0.413057,0.845320
0.3711137182308475,0.177606854737686,0.4358084271876845,0.1820680777563782,0.2701945438613878,0.6357711409365294,0.0927278232756399,0.13805463643889826,0.371215,0.815061
0.3883714119661485,0.1542157687991021,0.4528415647226578,0.1885278855327029,0.1668791959221695,0.6343089661049841,0.0890881909565019,0.13503853112817266,0.358396,0.816825
0.4143725395932912,0.1496617728115448,0.4797355661194938,0.1253717380713235,0.3003636904708118,0.3852436331237885,0.1015006012024048,0.13504606264028604,0.401972,0.820361
0.3347881568290192,0.1363609025571115,0.3958122930785269,0.1653660905412798,0.2110350680600533,0.6351184351849924,0.0808759890665975,0.13403196451983826,0.403594,0.822131
0.3397551844461262,0.1194671185896793,0.8271984976549879,0.1253579349081159,0.293508662999261,0.3850262174714176,0.0774766862157887,0.10799355458217237,0.316128,0.822131
0.5341160037640903,0.2690579811877018,0.3704279600251858,0.1099092980449392,0.3168857980764926,0.6343475390668892,0.1120071182364729,0.14068041614620758,0.380966,0.799264
0.3301484821085284,0.0965885160746876,0.5581896456706292,0.1494467525989549,0.23233645625396,0.3861457617062679,0.1188339554355352,0.15494843233741507,0.415253,0.829232
0.3261243237379172,0.293435751388861,0.3893907093026069,0.0969999150117567,0.2476909376018326,0.6594707957296368,0.1244395947095937,0.13062513261737374,0.326397,0.831012
0.6353317164888878,0.0789968652037617,0.6504250527491878,0.2467922167987019,0.270663811701743,0.6602632922980847,0.1301733339817234,0.14188700040720276,0.318375,0.832794
0.6674869929850283,0.3389212133968798,0.6870887059681096,0.3242033966426469,0.2680919694393505,0.3907480858242595,0.0687667578631736,0.14539863954079135,0.316799,0.834578
0.7176089760370251,0.3524072988237888,0.7789358506575755,0.1235379199433828,0.310215040894911,0.394145605940074,0.1360353400171075,0.14534742097124206,0.329316,0.841732
0.3711137182308475,0.177606854737686,0.4358084271876845,0.1885336032086663,0.2701945438613878,0.6350917054373927,0.0927278232756399,0.1458858407956326,0.359159,0.815061
0.4026193385735205,0.1680312672245327,0.4103475238799383,0.1593266195701187,0.1677210958704683,0.6348880476675015,0.09769279319562,0.12622786827132174,0.313263,0.817708
0.4198072000401671,0.149529665879853,0.4039017919456382,0.1271508552702459,0.2010207782417113,0.6357287743510505,0.1040792398185657,0.13280678950545002,0.285103,0.822131
0.4289847653050315,0.1236006316897701,0.3908196821489448,0.1842107142092148,0.2855496424920534,0.6361408276120998,0.1066898528776046,0.13686984317466933,0.316999,0.822131
0.3344932474628742,0.1155841877021031,0.3758641040930844,0.1132545711844285,0.2873606995956866,0.386300047295568,0.1120073460181557,0.1361287335554694,0.329891,0.825678
0.3288160732036537,0.1076360682372055,0.5327628986822298,0.2018032011674772,0.2399990569711329,0.6358822471327806,0.1174526964797712,0.12022146915830238,0.366139,0.826565
0.3302739597462437,0.0963846358306711,0.3611331288997714,0.1533318732293058,0.248774727150345,0.3872595107423024,0.1188341249584283,0.13910164940328215,0.407326,0.793162
0.3358406372278651,0.2873185771939939,0.5561383352912076,0.0938830768556348,0.2901154554626451,0.6610551924017619,0.12586121019993,0.1482538059070953,0.400759,0.832794
0.3421156458292003,0.0687813692029712,0.9024873144979044,0.090830809262435,0.2418864357596602,0.6621661027001994,0.0666659708752619,0.12788420187223695,0.324465,0.837257
0.6045883771675612,0.0627133105802047,0.3316447450162728,0.0848691072471351,0.1662541417446372,0.3897898320556466,0.0656288768905211,0.1322554890330273,0.336999,0.839940
0.3950580198736809,0.0536588550166459,0.3143541671035803,0.3357117882672502,0.3121789568021151,0.6385838791708159,0.1405156690899291,0.1222840930858753,0.311979,0.840836
0.3711137182308475,0.177606854737686,0.4358084271876845,0.1885336032086663,0.255213359620384,0.6357711409365294,0.0927278232756399,0.13639066813850614,0.370906,0.815061
0.4096010320716763,0.187552919132051,0.4528415647226578,0.1995602543672967,0.2100890980084928,0.6351229858856635,0.0890881909565019,0.11440474789021353,0.381112,0.816825
0.3790494756522162,0.1369016313793846,0.462642820780196,0.2040586868837591,0.2892447567344483,0.637148489342063,0.101500658821601,0.12745090905135786,0.341217,0.818592
0.444581436168545,0.2081707482005019,0.4807600961080684,0.2109003777566994,0.2809378736887258,0.634576639166367,0.1040792398185657,0.13721992002435007,0.294050,0.819476
0.5211815844360423,0.0803345603886509,0.3730996971926146,0.1513829770310308,0.2728920750687068,0.6377832171640306,0.1066903111687182,0.12852284982616188,0.336132,0.822131
0.4486099311723145,0.2462522045855379,0.5294191964769158,0.1235641577384844,0.2825390364923318,0.6346430063461862,0.0741494042752673,0.1101058568178716,0.368748,0.823017
0.6103046413503446,0.0646849644395472,0.8583603164117237,0.1200613917205536,0.2767699520409783,0.6394243114058097,0.1147145231100339,0.13887428853598097,0.275373,0.824790
0.4912433264136947,0.0480817389562255,0.3547683039748233,0.1270908318359325,0.3304188451144194,0.6348875923063154,0.0677114090451778,0.1394165350967594,0.413026,0.827454
0.7198858401185119,0.2879397312148428,0.3130321786087951,0.1098601319359378,0.2452964203953138,0.6429850496830288,0.0646006230951522,0.13336425560779835,0.411830,0.774999
0.766121455752572,0.313126709206928,0.9606417430586788,0.290896243364934,0.2704397274403273,0.6349194103665238,0.0625668446025745,0.13237413235828474,0.330631,0.831903
0.4497929396089948,0.0338224982470199,0.9683833828045694,0.1098601319359378,0.2884174100027665,0.6626591445480687,0.1405167714331305,0.14239570375608068,0.397373,0.834578
0.3711137182308475,0.177606854737686,0.4404923266113892,0.1820680777563782,0.2470799821952907,0.6357711409365294,0.0927278232756399,0.13620521314187284,0.370906,0.815061
0.3951390446465905,0.1926165653853283,0.4484236716960191,0.1907025524485891,0.272575086909876,0.6363318718229731,0.0989541821148274,0.13106981244862498,0.359413,0.815943
0.3515247702405358,0.1450266136065195,0.4033606144482268,0.1863431609935431,0.2413871103102638,0.6346909217684494,0.1002233551021635,0.15903614098866803,0.356702,0.806266
0.3613472702698422,0.2293931953700456,0.5060017171730018,0.163348584608188,0.2127685284359698,0.6357867771571976,0.1027858913715996,0.14919834216848782,0.412092,0.821246
0.4578874019222287,0.2463466076178929,0.5158280543372302,0.1653783745463667,0.1894104545400378,0.6414694366667409,0.1053804885555892,0.12386271679871333,0.318052,0.821246
0.3742017272090349,0.09969697577813,0.387634740175129,0.2468016053285019,0.2248021664373278,0.6361751756595785,0.1133564724915572,0.13350683719858053,0.412627,0.823903
0.5045429702729811,0.2635917222027358,0.3773562892952011,0.1736229181187206,0.207649487413346,0.6403241599826728,0.0741500573797077,0.1285314329106604,0.401515,0.829232
0.5516765337245082,0.0814192259224115,0.3593832132528157,0.1799379799566126,0.310035411590307,0.3866413910246412,0.0763613932057033,0.14953491925426973,0.417984,0.788819
0.6127344585136041,0.2999037613280936,0.3891899275989253,0.1592160663191565,0.2480242233922751,0.3861154380938219,0.1390145698566615,0.13210631706479717,0.324485,0.836363
0.6581529624310362,0.306158357771261,0.3943631494955505,0.1995602543672967,0.2679449345480358,0.3914416710549246,0.1420254448735028,0.16362899490807953,0.406127,0.839940
0.4361066459287936,0.3254455668914346,0.915569866343134,0.0892435820288289,0.2596705662653988,0.6543894243894476,0.1435427402938523,0.1305909900393052,0.344970,0.841732
0.3711137182308475,0.177606854737686,0.4404923266113892,0.1951119774160015,0.2738854032996926,0.6355486669217713,0.0927278232756399,0.147224572081987,0.336214,0.815061
0.4016274318513385,0.1925154320987654,0.4012020358805905,0.1951119774160015,0.2794839218097615,0.6569746496789797,0.1027864955073437,0.14469832879548855,0.334947,0.816825
0.4343713336288616,0.2026258424995615,0.8017291233994198,0.2040586868837591,0.2539673788108487,0.3841508024474682,0.0867018461433685,0.11410571573805017,0.358192,0.818592
0.3699561486962061,0.1281000225501741,0.3885612291304019,0.2040586868837591,0.2752895598354713,0.6361359872441222,0.1093326693495357,0.131333266628992,0.380516,0.819476
0.3974645447170432,0.2348725915161233,0.5081004202577363,0.1778204207748044,0.2765869871658772,0.6580200212700021,0.076359468187434,0.14518183970426693,0.402715,0.821246
0.5198789589299682,0.1078284410798887,0.5466650648429936,0.2178549196440372,0.3108892762886944,0.636017163018941,0.0719711350730325,0.14085628237577436,0.320592,0.824790
0.4350672314470746,0.0963846358306711,0.3463192736544569,0.2273031889834117,0.273613148405567,0.6591281980324006,0.1106658076312935,0.14579673947481545,0.412511,0.825678
0.6201407223360386,0.0857128526645768,0.5897818667423794,0.23452105157155,0.337911357980973,0.3880311310284993,0.0625660029795579,0.14391913513775986,0.403189,0.827454
0.6590041688854382,0.0658506842509371,0.3228242928795998,0.1455633031227458,0.3516964115967875,0.3874734774247333,0.1202234696270745,0.13659477824515098,0.381643,0.831012
0.4328074330338836,0.0692952094306496,0.3284246745503329,0.1474749326542961,0.2508536206158295,0.3887130959452374,0.1345577468820683,0.13401240118569185,0.416538,0.833685
0.440394620964411,0.3521670468503246,0.3612078229348168,0.2086019218057998,0.3628143800371316,0.3922759352735814,0.130173724444807,0.13811058306854213,0.320815,0.835470
0.3711137182308475,0.177606854737686,0.4404923266113892,0.1885336032086663,0.2701945438613878,0.6357909614405269,0.0927278232756399,0.14721601841180235,0.371152,0.815061
0.402069309624208,0.1822956866911919,0.4474156410200033,0.1475616397228268,0.2303839358958924,0.6350271573919927,0.0902934739184895,0.13915432869060645,0.405904,0.811537
0.4715609946944151,0.114958559932572,0.4025592443424244,0.1533877084054383,0.2155753586370278,0.6345488466761078,0.0867020218479783,0.1364761811456293,0.314609,0.821246
0.3305086747004557,0.207634934637902,0.4294789696992254,0.1613313329646751,0.2458637348835658,0.6353544341937543,0.1093341686663822,0.13511754750277122,0.319804,0.823903
0.5082232386931246,0.2234311385652113,0.3800329197565513,0.1694755694836721,0.1905071885407015,0.6361116280753041,0.0808775804929338,0.1340746629214257,0.402984,0.801011
0.5769407959575444,0.2399685089909839,0.5233553142388929,0.1736229181187206,0.3194911659648386,0.386433292796931,0.1188355093929473,0.13319656971410748,0.323534,0.831012
0.4081172388942162,0.2512,0.3576778200195261,0.1778204207748044,0.2475683803080657,0.3859719783525501,0.075252459537408,0.1375369613393231,0.380194,0.831903
0.6394856377814161,0.2924956948272659,0.3829079444465755,0.1820680777563782,0.2931010007438394,0.6348052793251922,0.1301751468430754,0.13784684974218944,0.329615,0.787084
0.6592475840267574,0.3046245823808686,0.5670931511521283,0.1820680777563782,0.2184023440748096,0.6364245223544557,0.136036697426118,0.13420745701547956,0.394018,0.836363
0.7021592387309271,0.0393876165816134,0.8929517147339958,0.186365889349058,0.3249735257744773,0.3901534053163575,0.0698280291568235,0.12403444929999713,0.359779,0.838151
0.7242951467667043,0.3721843003412969,0.7040640022085376,0.1907138558196204,0.2631962827063233,0.6460482044651193,0.065631842900281,0.13509447836133642,0.356755,0.779304
0.3711137182308475,0.177606854737686,0.4404923266113892,0.1820680777563782,0.2470799821952907,0.6352501793079001,0.0927278232756399,0.14350593184577493,0.337151,0.815061
0.3533401091582731,0.1446922444395419,0.444235336994421,0.1514331475260721,0.2504942733521091,0.3841120123675458,0.0867018022172055,0.12687307275057877,0.313669,0.817708
0.4202907820453841,0.2132285153118486,0.4558362680770316,0.1533877084054383,0.2497064971321711,0.3843009282047713,0.09769279319562,0.13616210334707105,0.371935,0.820361
0.3888719768221154,0.0994484842097867,0.4907750690391658,0.1593266195701187,0.2040080682036898,0.3846755411163957,0.0797348283810047,0.1293180661638531,0.401420,0.800137
0.3178262337630916,0.2402808966236266,0.5275874333280394,0.2273031889834117,0.300264395085955,0.6344869591318851,0.0774766122660288,0.1487005478265706,0.372808,0.825678
0.4872265020026846,0.2634773152115626,0.3579640461613303,0.1653133958981407,0.2338892442728869,0.384543313212426,0.1120071751819046,0.12129339925359918,0.352297,0.826565
0.5366387333119004,0.0717735053461171,0.5638504392277279,0.1612541671341736,0.3103249896516323,0.3893101877088011,0.1174527955231306,0.13408070548506876,0.376445,0.829232
0.5575337569163606,0.3058591066153792,0.4642452322991693,0.2593956379790992,0.3150048856604847,0.6356433407856746,0.073056499776954,0.13666101994090185,0.400884,0.831903
0.3564125011991406,0.3187027016183631,0.9527635932383832,0.1929066472123236,0.226387873546303,0.3926264568170206,0.120223850451966,0.14172913255302416,0.319431,0.836363
0.3610909366667489,0.0521166104142949,0.594240084304055,0.1455014880605522,0.3626695479559787,0.6644925606105041,0.1188349725719155,0.13969660726700092,0.405708,0.839045
0.6379143443102758,0.3520273590677056,0.9840620393115452,0.1995602543672967,0.2642920228508468,0.347884125068142,0.1216217589230928,0.12993490781401465,0.396670,0.840836
0.3711137182308475,0.177606854737686,0.4358084271876845,0.1885336032086663,0.2738854032996926,0.6351929946818818,0.0927278232756399,0.1359571179806517,0.321224,0.815061
0.3456625467991293,0.1537960247637667,0.444235336994421,0.1951119774160015,0.2646375091681173,0.384527385745891,0.0902934739184895,0.13399547417809154,0.326404,0.815943
0.4715609946944151,0.2023460410557184,0.4558362680770316,0.1343793067208183,0.2755685140811753,0.6354772959438525,0.101500658821601,0.1371566758358089,0.403205,0.819476
0.4561027145854749,0.1234116596965229,0.492883852160767,0.1572972366511026,0.2594379426556586,0.6344127709418507,0.0831824445854116,0.13477483160886733,0.245101,0.819476
0.5559103936138067,0.2292734753607064,0.5112358593269276,0.2132060193589844,0.2805658196112874,0.6583630639673734,0.0797351824708687,0.13916137708637288,0.324803,0.822131
0.2282364793643275,0.2462522045855379,0.5355094154149657,0.1885336032086663,0.2362604655272222,0.6597056506863552,0.0741496714544679,0.15300694156179023,0.379449,0.825678
0.3101894258851946,0.2520328461850629,0.8188020005009452,0.1929066472123236,0.2409954932234126,0.6380011410479092,0.1106659502098935,0.14534226689287716,0.403120,0.827454
0.6569883586908982,0.269570707070707,0.830908998273463,0.1973298464587024,0.2293720091567975,0.6402653080380732,0.1147141824792855,0.13049875086468826,0.402587,0.831903
0.4738009838306757,0.2755123515558451,0.837534570082185,0.2543204074463226,0.3015795984302419,0.3868966508661805,0.1160796230635896,0.1401448735206663,0.411123,0.835470
0.4718374436368934,0.293711971612153,0.3346301678425831,0.2593956379790992,0.3704355583707732,0.6433415355630503,0.071973753631798,0.1463660387885335,0.405929,0.837257
0.472405971684647,0.0472216916163149,0.893411124264542,0.2155241999822807,0.2710574425805286,0.3954122002431584,0.070896883434242,0.14019662186620435,0.283806,0.839940
0.3711137182308475,0.177606854737686,0.4404923266113892,0.1885336032086663,0.2470799821952907,0.6357711409365294,0.0927278232756399,0.13935843853984867,0.338401,0.815061
0.3905131940075833,0.1825497033830367,0.4433057511484157,0.1653783745463667,0.2112206943911706,0.6576738465604391,0.1053809188333018,0.1434565333160132,0.412632,0.816825
0.4094854404877467,0.2078969785037831,0.4577090626481683,0.1399623727617924,0.2450296542213693,0.3847775655054211,0.1080084048455545,0.13025526143176896,0.409572,0.818592
0.4404327520091641,0.1234116596965229,0.4746588305364977,0.1514266905333302,0.2627217941602261,0.6352681797447309,0.1174546065977819,0.1281961397020113,0.231385,0.818592
0.3917269299143778,0.2349837662337662,0.3818933595812246,0.1437336608222249,0.2982636074041349,0.6355247556620516,0.1230285243796293,0.1501355889822312,0.283215,0.821246
0.5268518953377884,0.2462522045855379,0.5246932433845527,0.2619344017536425,0.2756343661126222,0.6359249688683972,0.121622294046366,0.14112312457384601,0.254475,0.823903
0.4396582147599916,0.0922070166458405,0.5525952773795678,0.1166642077716045,0.2543138987054981,0.3837195543758058,0.1272926029744414,0.12434268392916369,0.322185,0.827454
0.5764413688885994,0.0782340243963656,0.3694522997668618,0.1132689536779957,0.2852488623958779,0.63773065641723,0.1360389412969656,0.14059023971434575,0.401184,0.830122
0.4558958635414895,0.2938287690110496,0.6284408420855488,0.285484752366571,0.219999681138815,0.3849630962694444,0.1390179102584999,0.13330104347989574,0.403369,0.831012
0.4609895915731317,0.3000265612236204,0.8271984976549879,0.1017655024400214,0.2921714788889186,0.6511063991856318,0.1435471341198965,0.13236501778350648,0.398858,0.835470
0.7583191159697142,0.3064017438801333,0.8782143023404735,0.0954610490814788,0.3068406590146832,0.6409651527210725,0.060565129354502,0.15358281515282307,0.375682,0.838151
0.3711137182308475,0.177606854737686,0.4358084271876845,0.1885336032086663,0.2701945438613878,0.6355633954868499,0.0927278232756399,0.14248617009334857,0.338045,0.815061
0.3982401230631887,0.1873167651436561,0.4484236716960191,0.1907081788296912,0.2681271256592062,0.657101432063485,0.0927282596387999,0.11189828277565415,0.387796,0.817708
0.3619053330969659,0.207634934637902,0.4779912377939279,0.1201167171874557,0.2790880421425405,0.6345715520716041,0.0927286378198656,0.13450798348447982,0.352740,0.818592
0.4441194768222993,0.1151849529780564,0.493487228041795,0.2671025273962799,0.197533053350139,0.3845834969133346,0.0964409836617496,0.13505832630102677,0.333461,0.820361
0.3629826154582076,0.2458781362007168,0.383146489639955,0.1082774962208442,0.2207625478311074,0.3862657535903849,0.0687681463087088,0.1470565373828636,0.327297,0.823903
0.4992034297100085,0.0892782812351115,0.3691336961858335,0.3045562856839427,0.1950539043836096,0.6360701703811052,0.0677158929737175,0.13244044888061773,0.404200,0.828343
0.3372584567165406,0.0861253854059609,0.4367143965850975,0.1573218310625865,0.317180511363315,0.3855776323283116,0.1106706552780478,0.14940343407305132,0.273253,0.831012
0.5577452358172568,0.3055038460187559,0.5696342884726894,0.3503716655225871,0.3263625831758601,0.6354813875123875,0.1133608221763239,0.12707663970834004,0.402868,0.832794
0.3391264138079576,0.3312738405942582,0.3180416372859773,0.1399425783430601,0.3085213735149826,0.6354528391229595,0.0566591142557,0.14436532010999908,0.313858,0.791423
0.3464404262842976,0.0638644509612251,0.9220109531918772,0.2645121797486769,0.3536742714818494,0.6539134732658772,0.1230297475652845,0.13847750451455648,0.400569,0.787084
0.6448314410751905,0.0497581029253252,0.2902875638050017,0.07503459655099,0.2763387576892691,0.4013168013868209,0.1316317832613425,0.13936854803982385,0.401145,0.840836
0.3711137182308475,0.177606854737686,0.4358084271876845,0.1885336032086663,0.2738854032996926,0.6352501793079001,0.0927278232756399,0.14706961042172972,0.371305,0.815061
0.3868933794590485,0.187552919132051,0.4130894515420653,0.1475616397228268,0.2109169734877611,0.6349990624632985,0.0855207848075412,0.12964760159002855,0.326520,0.815943
0.3346594512406012,0.1978170597929262,0.3981866259095127,0.1777970420652814,0.2066773287389519,0.6362028138569817,0.0831825621731962,0.13490059812066188,0.326464,0.808021
0.5212600745473196,0.2187849067566958,0.389352322582688,0.1799090883468359,0.3061438298659663,0.6374205313110379,0.0964407084297012,0.1479455150664804,0.400967,0.820361
0.3518842907929068,0.0934353685244488,0.3835411426795191,0.125330984619492,0.3038314408700258,0.38555170357761,0.1040798861737166,0.14413724190797925,0.413129,0.803636
0.5753823850152174,0.2352251724293377,0.3765701270173877,0.2321025582509516,0.2137348252423025,0.3868826254734863,0.1066903111687182,0.1435853855731438,0.411706,0.827454
0.604159024775849,0.257874143951425,0.3686512532473344,0.186365889349058,0.2190517106113031,0.6347627562292545,0.1120074741453009,0.14487804482454483,0.405980,0.793162
0.4717733879771765,0.2696621895806301,0.354817288127561,0.1612541671341736,0.2538309781649832,0.6420763761311308,0.0677148467275828,0.14169709178521583,0.413701,0.831903
0.4644065161787427,0.294154182131462,0.3333793702247527,0.2671025273962799,0.2266103334045742,0.6431747128658173,0.0635809870215756,0.13463257252773744,0.415064,0.836363
0.4866456919775492,0.0490859103770745,0.5678654970183115,0.2040586868837591,0.3075044693983238,0.6496937147230603,0.0625681671499759,0.13659525052546703,0.408858,0.841732
0.8007904708717635,0.0490859103770745,0.5876577900246345,0.2109003777566994,0.2391258351551179,0.6388094614946159,0.1345577468820683,0.13187953725267657,0.327116,0.841732
0.3711137182308475,0.177606854737686,0.4358084271876845,0.1820680777563782,0.2738854032996926,0.6355486669217713,0.0927278232756399,0.1536746640346721,0.371865,0.815061
0.3455490257406214,0.1825497033830367,0.4538530428002634,0.179914764103743,0.2917732562637077,0.6350271573919927,0.09519429220363,0.12044935284615198,0.355214,0.816825
0.3793364777696269,0.1978170597929262,0.4637356107109598,0.1533877084054383,0.2317286550522499,0.6344720750556528,0.0855207848075412,0.1399307127061167,0.383261,0.817708
0.4940139850687224,0.1279558143964074,0.4976022950310279,0.1593266195701187,0.2561047221332913,0.3866937952079492,0.0820253416848822,0.13987954083264098,0.401655,0.820361
0.3664884432184338,0.1078284410798887,0.4246587244907753,0.2273031889834117,0.3230265667803811,0.6381606670066466,0.110665779115568,0.14026201516621345,0.405157,0.823017
0.5841466036753323,0.1001394028743067,0.3674096622145761,0.1778204207748044,0.2749224753449334,0.6373592303428255,0.0730563660296295,0.1277451826421515,0.281940,0.823903
0.6154918847632099,0.0857128526645768,0.425447059420093,0.186365889349058,0.2759809152191895,0.640303884842576,0.0698249869914842,0.15905243766064092,0.325171,0.826565
0.4193539326576863,0.2579522115914441,0.8849619291415614,0.2696965688102082,0.2100150017733366,0.6386516164733654,0.0645997233122421,0.13759710625058616,0.290951,0.830122
0.7302442511048242,0.2756103548650531,0.4184679245595091,0.2801981256065833,0.1678282546314637,0.6434573787628755,0.1272905042795085,0.13229643257498722,0.321064,0.776719
0.7698581768012145,0.0513601686408351,0.4195135804048746,0.2909003076377241,0.2708229274468632,0.6305299002343742,0.1330883073057808,0.1417136422685261,0.323859,0.836363
0.4611355533741246,0.3064017438801333,0.9525245741719516,0.2936072007241145,0.33199524173857,0.659711278426327,0.0547498642244576,0.13763449842498618,0.389159,0.841732
0.3711137182308475,0.177606854737686,0.4358084271876845,0.1820680777563782,0.2738854032996926,0.6355633954868499,0.0927278232756399,0.15331511803509934,0.338625,0.815061
0.3914869070183578,0.158716239915819,0.4464851114669655,0.1362278198406526,0.2368689210407789,0.6572627816995014,0.0878910693495922,0.14211016947647562,0.273951,0.816825
0.4226579323239373,0.2078969785037831,0.3951011785892029,0.2086072751567993,0.2407461898725267,0.3848640499304941,0.075251525525073,0.13950969983811062,0.379170,0.818592
0.3687272573689462,0.1323345192163151,0.7961477396755213,0.1736229181187206,0.2840909948868793,0.6344645569975869,0.0741511854670256,0.14565502107443482,0.358956,0.823903
0.4621749341297866,0.111762789182144,0.3657594438177458,0.1799379799566126,0.2908214003036617,0.3851870111598001,0.0666717167344818,0.15185706847394329,0.409315,0.825678
0.4940662585012825,0.2351600460852577,0.3604914432621923,0.2249223130168856,0.2579854780771148,0.6375911221413506,0.0976972197230695,0.1407556529500851,0.377883,0.796646
0.3338804924751512,0.0894837648663283,0.3484353179536341,0.2249223130168856,0.2219225770571028,0.3866244379516357,0.1015047641703111,0.13441953550562474,0.269654,0.830122
0.5245396782626877,0.0794124282455568,0.5696342884726894,0.1149044411747354,0.3093754306120125,0.6390272265175134,0.0586016352662916,0.14323756035566548,0.402310,0.788819
0.3720756459429763,0.0697338601311646,0.3215929122463388,0.2518016009148039,0.2617735305416962,0.6406829183179159,0.1202253737482353,0.11289418832489764,0.401533,0.834578
0.3896615767934416,0.0665673797274122,0.3050644662197009,0.13615789584444,0.2673453018180572,0.6415238543594594,0.0528854179817837,0.15191477216770022,0.340485,0.838151
0.6977554864271887,0.057658263080557,0.298218812321658,0.1288516192133016,0.2525082477674065,0.6429997537532379,0.0501366907274971,0.12199819408150037,0.406722,0.839940
